{
  "breadcrumbs": [
    {
      "label": "Contains Keywords",
      "signal_field_name": "q_keywords",
      "value": "Andrew Bronstein CFO",
      "display_name": "Andrew Bronstein CFO"
    },
    {
      "label": "Company Name",
      "signal_field_name": "q_organization_name",
      "value": "Accertify",
      "display_name": "Accertify"
    }
  ],
  "partial_results_only": false,
  "has_join": false,
  "disable_eu_prospecting": false,
  "partial_results_limit": 10000,
  "pagination": {
    "page": 1,
    "per_page": 50,
    "total_entries": 691,
    "total_pages": 14
  },
  "people": [
    {
      "id": "54a770297468696829f98434",
      "first_name": "Jolynn",
      "last_name": "Fox",
      "name": "Jolynn Fox",
      "linkedin_url": "http://www.linkedin.com/in/jolynn-fox-b6658315",
      "title": "Manager of Global Servicing",
      "email_status": "verified",
      "photo_url": "https://static.licdn.com/aero-v1/sc/h/9c8pery4andzj6ohjkjp54ma2",
      "twitter_url": null,
      "github_url": null,
      "facebook_url": null,
      "extrapolated_email_confidence": null,
      "headline": "Manager of Global Servicing at Accertify",
      "email": "email_not_unlocked@domain.com",
      "organization_id": "5a9d65cfa6da98d94d8c0aef",
      "street_address": "",
      "city": "Phoenix",
      "state": "Arizona",
      "country": "United States",
      "postal_code": null,
      "formatted_address": "Phoenix, AZ, USA",
      "time_zone": "America/Phoenix",
      "organization": {
        "id": "5a9d65cfa6da98d94d8c0aef",
        "name": "Accertify",
        "website_url": null,
        "blog_url": null,
        "angellist_url": null,
        "linkedin_url": "http://www.linkedin.com/company/accertify",
        "twitter_url": null,
        "facebook_url": null,
        "primary_phone": {},
        "languages": [],
        "alexa_ranking": null,
        "phone": null,
        "linkedin_uid": "18421421",
        "founded_year": null,
        "publicly_traded_symbol": null,
        "publicly_traded_exchange": null,
        "logo_url": "https://zenprospect-production.s3.amazonaws.com/uploads/pictures/63edac0a998f12000100b12d/picture",
        "crunchbase_url": null,
        "primary_domain": null,
        "industry": "",
        "estimated_num_employees": 4,
        "keywords": [],
        "organization_revenue_printed": null,
        "organization_revenue": 0.0,
        "industries": [],
        "secondary_industries": [],
        "snippets_loaded": true,
        "industry_tag_id": null,
        "industry_tag_hash": {},
        "retail_location_count": 0,
        "organization_headcount_six_month_growth": null,
        "organization_headcount_twelve_month_growth": null,
        "organization_headcount_twenty_four_month_growth": null
      },
      "departments": [],
      "subdepartments": [],
      "seniority": "manager",
      "functions": [],
      "intent_strength": null,
      "show_intent": false,
      "email_domain_catchall": false,
      "revealed_for_current_team": true
    },
    {
      "id": "5570e40b7369640e9a450000",
      "first_name": "Edith",
      "last_name": "Rodriguez",
      "name": "Edith Rodriguez",
      "linkedin_url": "http://www.linkedin.com/in/erodrig5",
      "title": "Technical Writer II",
      "email_status": "verified",
      "photo_url": "https://static.licdn.com/aero-v1/sc/h/9c8pery4andzj6ohjkjp54ma2",
      "twitter_url": "https://twitter.com/thepinchgirl",
      "github_url": null,
      "facebook_url": null,
      "extrapolated_email_confidence": null,
      "headline": "Technical Communicator: Writer & Instructional Designer",
      "email": "email_not_unlocked@domain.com",
      "organization_id": "5a9d65cfa6da98d94d8c0aef",
      "street_address": "",
      "city": "Chicago",
      "state": "Illinois",
      "country": "United States",
      "postal_code": null,
      "formatted_address": "Chicago, IL, USA",
      "time_zone": "America/Chicago",
      "organization": {
        "id": "5a9d65cfa6da98d94d8c0aef",
        "name": "Accertify",
        "website_url": null,
        "blog_url": null,
        "angellist_url": null,
        "linkedin_url": "http://www.linkedin.com/company/accertify",
        "twitter_url": null,
        "facebook_url": null,
        "primary_phone": {},
        "languages": [],
        "alexa_ranking": null,
        "phone": null,
        "linkedin_uid": "18421421",
        "founded_year": null,
        "publicly_traded_symbol": null,
        "publicly_traded_exchange": null,
        "logo_url": "https://zenprospect-production.s3.amazonaws.com/uploads/pictures/63edac0a998f12000100b12d/picture",
        "crunchbase_url": null,
        "primary_domain": null,
        "industry": "",
        "estimated_num_employees": 4,
        "keywords": [],
        "organization_revenue_printed": null,
        "organization_revenue": 0.0,
        "industries": [],
        "secondary_industries": [],
        "snippets_loaded": true,
        "industry_tag_id": null,
        "industry_tag_hash": {},
        "retail_location_count": 0,
        "organization_headcount_six_month_growth": null,
        "organization_headcount_twelve_month_growth": null,
        "organization_headcount_twenty_four_month_growth": null
      },
      "departments": [],
      "subdepartments": [],
      "seniority": "entry",
      "functions": [],
      "intent_strength": null,
      "show_intent": false,
      "email_domain_catchall": false,
      "revealed_for_current_team": true
    },
    {
      "id": "674020269495150001d6017b",
      "first_name": "Riya",
      "last_name": "Tiwari",
      "name": "Riya Tiwari",
      "linkedin_url": "http://www.linkedin.com/in/riya-tiwari-5921491b2",
      "title": "Fraud Analyst",
      "email_status": null,
      "photo_url": "https://media.licdn.com/dms/image/v2/D5603AQH-gAthNO2EAQ/profile-displayphoto-shrink_200_200/profile-displayphoto-shrink_200_200/0/1729794244169?e=2147483647&v=beta&t=Dd2MgpyxFWM7x8Cv6JDPbHFZRVB0yZZtxZ6HdJmWtW0",
      "twitter_url": null,
      "github_url": null,
      "facebook_url": null,
      "extrapolated_email_confidence": null,
      "headline": "Fraud Analyst | Management Trainee @ Wipro | Investment Banking, Trade Support, Trade settlement| Credit Analysis, Credit Rating , Credit Research|",
      "email": null,
      "organization_id": "5a9d65cfa6da98d94d8c0aef",
      "street_address": "",
      "city": null,
      "state": null,
      "country": "India",
      "postal_code": null,
      "formatted_address": "India",
      "time_zone": "Asia/Kolkata",
      "organization": {
        "id": "5a9d65cfa6da98d94d8c0aef",
        "name": "Accertify",
        "website_url": null,
        "blog_url": null,
        "angellist_url": null,
        "linkedin_url": "http://www.linkedin.com/company/accertify",
        "twitter_url": null,
        "facebook_url": null,
        "primary_phone": {},
        "languages": [],
        "alexa_ranking": null,
        "phone": null,
        "linkedin_uid": "18421421",
        "founded_year": null,
        "publicly_traded_symbol": null,
        "publicly_traded_exchange": null,
        "logo_url": "https://zenprospect-production.s3.amazonaws.com/uploads/pictures/63edac0a998f12000100b12d/picture",
        "crunchbase_url": null,
        "primary_domain": null,
        "industry": "",
        "estimated_num_employees": 4,
        "keywords": [],
        "organization_revenue_printed": null,
        "organization_revenue": 0.0,
        "industries": [],
        "secondary_industries": [],
        "snippets_loaded": true,
        "industry_tag_id": null,
        "industry_tag_hash": {},
        "retail_location_count": 0,
        "organization_headcount_six_month_growth": null,
        "organization_headcount_twelve_month_growth": null,
        "organization_headcount_twenty_four_month_growth": null
      },
      "departments": [],
      "subdepartments": [],
      "seniority": "entry",
      "functions": [],
      "intent_strength": null,
      "show_intent": false,
      "email_domain_catchall": false,
      "revealed_for_current_team": true
    },
    {
      "id": "57d6f8f0a6da986b45b2984c",
      "first_name": "Neil",
      "last_name": "Corcoran",
      "name": "Neil Corcoran",
      "linkedin_url": "http://www.linkedin.com/in/neil-corcoran-1002b0ab",
      "title": "Chargeback Analyst",
      "email_status": "unavailable",
      "photo_url": "https://static.licdn.com/aero-v1/sc/h/9c8pery4andzj6ohjkjp54ma2",
      "twitter_url": null,
      "github_url": null,
      "facebook_url": null,
      "extrapolated_email_confidence": null,
      "headline": "Chargeback Analyst at Accertify",
      "email": null,
      "organization_id": "5a9d65cfa6da98d94d8c0aef",
      "street_address": "",
      "city": "Downers Grove",
      "state": "Illinois",
      "country": "United States",
      "postal_code": null,
      "formatted_address": "Downers Grove, IL, USA",
      "time_zone": "America/Chicago",
      "organization": {
        "id": "5a9d65cfa6da98d94d8c0aef",
        "name": "Accertify",
        "website_url": null,
        "blog_url": null,
        "angellist_url": null,
        "linkedin_url": "http://www.linkedin.com/company/accertify",
        "twitter_url": null,
        "facebook_url": null,
        "primary_phone": {},
        "languages": [],
        "alexa_ranking": null,
        "phone": null,
        "linkedin_uid": "18421421",
        "founded_year": null,
        "publicly_traded_symbol": null,
        "publicly_traded_exchange": null,
        "logo_url": "https://zenprospect-production.s3.amazonaws.com/uploads/pictures/63edac0a998f12000100b12d/picture",
        "crunchbase_url": null,
        "primary_domain": null,
        "industry": "",
        "estimated_num_employees": 4,
        "keywords": [],
        "organization_revenue_printed": null,
        "organization_revenue": 0.0,
        "industries": [],
        "secondary_industries": [],
        "snippets_loaded": true,
        "industry_tag_id": null,
        "industry_tag_hash": {},
        "retail_location_count": 0,
        "organization_headcount_six_month_growth": null,
        "organization_headcount_twelve_month_growth": null,
        "organization_headcount_twenty_four_month_growth": null
      },
      "departments": [],
      "subdepartments": [],
      "seniority": "entry",
      "functions": [],
      "intent_strength": null,
      "show_intent": false,
      "email_domain_catchall": false,
      "revealed_for_current_team": true
    },
    {
      "id": "57339f6af3e5bb1dd9ebd359",
      "first_name": "Joshua",
      "last_name": "Herman",
      "name": "Joshua Herman",
      "linkedin_url": "http://www.linkedin.com/in/joshuaherman01",
      "title": "Professional Services Engineer",
      "email_status": "verified",
      "photo_url": "https://media.licdn.com/dms/image/v2/C5603AQFsbt_kuwcqJw/profile-displayphoto-shrink_200_200/profile-displayphoto-shrink_200_200/0/1517559157858?e=2147483647&v=beta&t=13do9c3Qo_7cEdKRm6NbTMFbXWB54RJhFm8uxzeZi6M",
      "twitter_url": null,
      "github_url": null,
      "facebook_url": null,
      "extrapolated_email_confidence": null,
      "headline": "Professional Services Engineer at Accertify, Inc.",
      "email": "email_not_unlocked@domain.com",
      "organization_id": "54a126b069702d8cfc105f00",
      "street_address": "",
      "city": "Austin",
      "state": "Texas",
      "country": "United States",
      "postal_code": null,
      "formatted_address": "Austin, TX, USA",
      "time_zone": "America/Chicago",
      "organization": {
        "id": "54a126b069702d8cfc105f00",
        "name": "Accertify, Inc.",
        "website_url": "http://www.accertify.com",
        "blog_url": null,
        "angellist_url": "http://angel.co/accertify",
        "linkedin_url": "http://www.linkedin.com/company/accertify-inc-",
        "twitter_url": "https://twitter.com/accertifyinc",
        "facebook_url": "https://facebook.com/accertifysolutions/",
        "primary_phone": {
          "number": "+1 630-735-4400",
          "source": "Owler",
          "sanitized_number": "+16307354400"
        },
        "languages": [
          "English",
          "German",
          "French"
        ],
        "alexa_ranking": 589488,
        "phone": "+1 630-735-4400",
        "linkedin_uid": "339806",
        "founded_year": 2007,
        "publicly_traded_symbol": null,
        "publicly_traded_exchange": null,
        "logo_url": "https://zenprospect-production.s3.amazonaws.com/uploads/pictures/692d17db676b9b00015b75c8/picture",
        "crunchbase_url": null,
        "primary_domain": "accertify.com",
        "sic_codes": [
          "7375"
        ],
        "naics_codes": [
          "54151"
        ],
        "sanitized_phone": "+16307354400",
        "industry": "information technology & services",
        "estimated_num_employees": 820,
        "keywords": [
          "fraud management",
          "chargeback management",
          "payment gateway",
          "managed services",
          "professional services",
          "support services",
          "decision sciences",
          "machine learning",
          "behavioral analytics",
          "digital identity",
          "account takeover",
          "security",
          "credit cards",
          "fraud detection",
          "internet",
          "information technology",
          "software development",
          "transaction risk scoring",
          "user behavior analytics",
          "fraud detection for high-volume transactions",
          "risk management platform",
          "transaction monitoring",
          "tokenization",
          "e-commerce",
          "real-time decisioning",
          "innovation",
          "ai and machine learning",
          "risk signals monitoring",
          "e-commerce security",
          "community data signals",
          "customer journey security",
          "predictive fraud analytics",
          "community insights data",
          "operational efficiency",
          "deep expertise in fraud",
          "chargeback reduction",
          "gaming and betting fraud",
          "risk signal aggregation",
          "financial technology",
          "risk management",
          "online transaction security",
          "dynamic risk vectors",
          "risk management for airlines",
          "real-time fraud alerts",
          "b2b",
          "fraud pattern detection",
          "cybersecurity",
          "computer systems design and related services",
          "regulatory compliance",
          "financial services",
          "risk assessment",
          "multi-channel fraud detection",
          "retail",
          "adaptive risk models",
          "community insights",
          "community-driven fraud detection",
          "d2c",
          "customer authentication",
          "risk mitigation",
          "retail fraud prevention",
          "online fraud prevention",
          "digital risk solutions",
          "machine learning models",
          "multi-layered fraud strategy",
          "flexible risk controls",
          "dispute resolution",
          "identity verification",
          "fraud analytics",
          "security protocols",
          "customer experience",
          "digital identity verification",
          "account takeover protection",
          "ai model explainability",
          "artificial intelligence",
          "services",
          "sca compliance",
          "real-time analytics",
          "multi-industry risk solutions",
          "multi-layered security architecture",
          "fraud prevention",
          "ai-powered fraud detection",
          "travel",
          "adaptive fraud controls",
          "fraud scoring",
          "payment fraud",
          "payment security",
          "information technology and services",
          "risk signals",
          "b2c",
          "fraud prevention platform",
          "customer experience optimization",
          "api integration",
          "account protection",
          "payment optimization",
          "abuse protection",
          "multi-accounting fraud",
          "account takeover fraud",
          "fraudulent transactions",
          "ecommerce security",
          "data breaches",
          "policy automation",
          "reporting tools",
          "sca optimization",
          "compliance management",
          "dispute management",
          "self-managed solutions",
          "fully managed services",
          "return abuse prevention",
          "real-time risk decisioning",
          "customer identity verification",
          "seamless payment experience",
          "fraud risk strategy",
          "global payment solutions",
          "advisory services",
          "client success",
          "deep expertise",
          "predictive analytics",
          "risk management solutions",
          "fraud prevention technology",
          "flexible controls",
          "customer insights",
          "data-driven decisions",
          "financial transactions security",
          "consumer protection",
          "dynamic risk management",
          "chargeback process automation",
          "integration solutions",
          "scalable technology",
          "cross-border transactions",
          "transaction authorization",
          "finance",
          "consumer products & retail",
          "transportation & logistics",
          "professional training & coaching",
          "information technology & services",
          "computer & network security",
          "consumer internet",
          "consumers",
          "finance technology",
          "conflict resolution",
          "analytics",
          "enterprise software",
          "enterprises",
          "computer software"
        ],
        "organization_revenue_printed": "35.5M",
        "organization_revenue": 35500000.0,
        "industries": [
          "information technology & services",
          "internet",
          "computer & network security"
        ],
        "secondary_industries": [
          "internet",
          "computer & network security"
        ],
        "snippets_loaded": true,
        "industry_tag_id": "5567cd4773696439b10b0000",
        "industry_tag_hash": {
          "information technology & services": "5567cd4773696439b10b0000",
          "internet": "5567cd4d736964397e020000",
          "computer & network security": "5567cd877369644cf94b0000"
        },
        "retail_location_count": 0,
        "raw_address": "2 Pierce Place, Suite 900, Itasca, IL 60143, US",
        "street_address": "2 Pierce Place",
        "city": "Itasca",
        "state": "Illinois",
        "postal_code": "60143",
        "country": "United States",
        "organization_headcount_six_month_growth": null,
        "organization_headcount_twelve_month_growth": null,
        "organization_headcount_twenty_four_month_growth": null
      },
      "departments": [
        "master_engineering_technical"
      ],
      "subdepartments": [
        "engineering_technical"
      ],
      "seniority": "entry",
      "functions": [
        "engineering"
      ],
      "intent_strength": null,
      "show_intent": false,
      "email_domain_catchall": false,
      "revealed_for_current_team": true
    },
    {
      "id": "63d64ee10720560001b1ecd0",
      "first_name": "Mansi",
      "last_name": "N",
      "name": "Mansi N",
      "linkedin_url": "http://www.linkedin.com/in/mansi-n-836898137",
      "title": "Senior Analyst",
      "email_status": "unavailable",
      "photo_url": "https://media.licdn.com/dms/image/v2/D5603AQFC6GWF-KxZyQ/profile-displayphoto-shrink_200_200/B56ZbtubqxGoAg-/0/1747745097560?e=2147483647&v=beta&t=JIQXMCwiYl-E2f8ETVoF5xbEfrdGRL806uE4Komg7Kc",
      "twitter_url": null,
      "github_url": null,
      "facebook_url": null,
      "extrapolated_email_confidence": null,
      "headline": null,
      "email": null,
      "organization_id": "5a9d65cfa6da98d94d8c0aef",
      "street_address": "",
      "city": null,
      "state": null,
      "country": "India",
      "postal_code": null,
      "formatted_address": "India",
      "time_zone": "Asia/Kolkata",
      "organization": {
        "id": "5a9d65cfa6da98d94d8c0aef",
        "name": "Accertify",
        "website_url": null,
        "blog_url": null,
        "angellist_url": null,
        "linkedin_url": "http://www.linkedin.com/company/accertify",
        "twitter_url": null,
        "facebook_url": null,
        "primary_phone": {},
        "languages": [],
        "alexa_ranking": null,
        "phone": null,
        "linkedin_uid": "18421421",
        "founded_year": null,
        "publicly_traded_symbol": null,
        "publicly_traded_exchange": null,
        "logo_url": "https://zenprospect-production.s3.amazonaws.com/uploads/pictures/63edac0a998f12000100b12d/picture",
        "crunchbase_url": null,
        "primary_domain": null,
        "industry": "",
        "estimated_num_employees": 4,
        "keywords": [],
        "organization_revenue_printed": null,
        "organization_revenue": 0.0,
        "industries": [],
        "secondary_industries": [],
        "snippets_loaded": true,
        "industry_tag_id": null,
        "industry_tag_hash": {},
        "retail_location_count": 0,
        "organization_headcount_six_month_growth": null,
        "organization_headcount_twelve_month_growth": null,
        "organization_headcount_twenty_four_month_growth": null
      },
      "departments": [],
      "subdepartments": [],
      "seniority": "senior",
      "functions": [],
      "intent_strength": null,
      "show_intent": false,
      "email_domain_catchall": false,
      "revealed_for_current_team": true
    },
    {
      "id": "54a20cef7468693cddbf4708",
      "first_name": "Antonio",
      "last_name": "Gomez",
      "name": "Antonio Gomez",
      "linkedin_url": "http://www.linkedin.com/in/antonio-moreno-gomez-54a18814",
      "title": "Senior Application Support Engineer",
      "email_status": "verified",
      "photo_url": "https://static.licdn.com/aero-v1/sc/h/9c8pery4andzj6ohjkjp54ma2",
      "twitter_url": null,
      "github_url": null,
      "facebook_url": null,
      "extrapolated_email_confidence": null,
      "headline": "Application Support Engineer at Accertify",
      "email": "email_not_unlocked@domain.com",
      "organization_id": "5a9d65cfa6da98d94d8c0aef",
      "street_address": "",
      "city": "Darien",
      "state": "Illinois",
      "country": "United States",
      "postal_code": null,
      "formatted_address": "Darien, IL, USA",
      "time_zone": "America/Chicago",
      "organization": {
        "id": "5a9d65cfa6da98d94d8c0aef",
        "name": "Accertify",
        "website_url": null,
        "blog_url": null,
        "angellist_url": null,
        "linkedin_url": "http://www.linkedin.com/company/accertify",
        "twitter_url": null,
        "facebook_url": null,
        "primary_phone": {},
        "languages": [],
        "alexa_ranking": null,
        "phone": null,
        "linkedin_uid": "18421421",
        "founded_year": null,
        "publicly_traded_symbol": null,
        "publicly_traded_exchange": null,
        "logo_url": "https://zenprospect-production.s3.amazonaws.com/uploads/pictures/63edac0a998f12000100b12d/picture",
        "crunchbase_url": null,
        "primary_domain": null,
        "industry": "",
        "estimated_num_employees": 4,
        "keywords": [],
        "organization_revenue_printed": null,
        "organization_revenue": 0.0,
        "industries": [],
        "secondary_industries": [],
        "snippets_loaded": true,
        "industry_tag_id": null,
        "industry_tag_hash": {},
        "retail_location_count": 0,
        "organization_headcount_six_month_growth": null,
        "organization_headcount_twelve_month_growth": null,
        "organization_headcount_twenty_four_month_growth": null
      },
      "departments": [
        "master_engineering_technical"
      ],
      "subdepartments": [
        "engineering_technical",
        "support_technical_services"
      ],
      "seniority": "senior",
      "functions": [
        "engineering",
        "support"
      ],
      "intent_strength": null,
      "show_intent": false,
      "email_domain_catchall": false,
      "revealed_for_current_team": true
    },
    {
      "id": "628ccc098a5651000186977f",
      "first_name": "Gagandeep",
      "last_name": "Singh",
      "name": "Gagandeep Singh",
      "linkedin_url": "http://www.linkedin.com/in/gagandeep-singh-6a80aa48",
      "title": "Chargeback Analyst",
      "email_status": "extrapolated",
      "photo_url": "https://media.licdn.com/dms/image/v2/D5603AQElzsQzgtn9uw/profile-displayphoto-shrink_200_200/B56ZXxXROWGQAg-/0/1743511164733?e=2147483647&v=beta&t=RLzUUQXHkm7nxHMNG_jzgAVEWo8CpoijRNMKYe614Gk",
      "twitter_url": null,
      "github_url": null,
      "facebook_url": null,
      "extrapolated_email_confidence": 0.7,
      "headline": "Chargeback Analyst | Sustainability science student",
      "email": "gsingh@accertify.com",
      "organization_id": "54a126b069702d8cfc105f00",
      "street_address": "",
      "city": "New Delhi",
      "state": "Delhi",
      "country": "India",
      "postal_code": null,
      "formatted_address": "West Delhi, Delhi, India",
      "time_zone": "Asia/Kolkata",
      "organization": {
        "id": "54a126b069702d8cfc105f00",
        "name": "Accertify, Inc.",
        "website_url": "http://www.accertify.com",
        "blog_url": null,
        "angellist_url": "http://angel.co/accertify",
        "linkedin_url": "http://www.linkedin.com/company/accertify-inc-",
        "twitter_url": "https://twitter.com/accertifyinc",
        "facebook_url": "https://facebook.com/accertifysolutions/",
        "primary_phone": {
          "number": "+1 630-735-4400",
          "source": "Owler",
          "sanitized_number": "+16307354400"
        },
        "languages": [
          "English",
          "German",
          "French"
        ],
        "alexa_ranking": 589488,
        "phone": "+1 630-735-4400",
        "linkedin_uid": "339806",
        "founded_year": 2007,
        "publicly_traded_symbol": null,
        "publicly_traded_exchange": null,
        "logo_url": "https://zenprospect-production.s3.amazonaws.com/uploads/pictures/692d17db676b9b00015b75c8/picture",
        "crunchbase_url": null,
        "primary_domain": "accertify.com",
        "sic_codes": [
          "7375"
        ],
        "naics_codes": [
          "54151"
        ],
        "sanitized_phone": "+16307354400",
        "industry": "information technology & services",
        "estimated_num_employees": 820,
        "keywords": [
          "fraud management",
          "chargeback management",
          "payment gateway",
          "managed services",
          "professional services",
          "support services",
          "decision sciences",
          "machine learning",
          "behavioral analytics",
          "digital identity",
          "account takeover",
          "security",
          "credit cards",
          "fraud detection",
          "internet",
          "information technology",
          "software development",
          "transaction risk scoring",
          "user behavior analytics",
          "fraud detection for high-volume transactions",
          "risk management platform",
          "transaction monitoring",
          "tokenization",
          "e-commerce",
          "real-time decisioning",
          "innovation",
          "ai and machine learning",
          "risk signals monitoring",
          "e-commerce security",
          "community data signals",
          "customer journey security",
          "predictive fraud analytics",
          "community insights data",
          "operational efficiency",
          "deep expertise in fraud",
          "chargeback reduction",
          "gaming and betting fraud",
          "risk signal aggregation",
          "financial technology",
          "risk management",
          "online transaction security",
          "dynamic risk vectors",
          "risk management for airlines",
          "real-time fraud alerts",
          "b2b",
          "fraud pattern detection",
          "cybersecurity",
          "computer systems design and related services",
          "regulatory compliance",
          "financial services",
          "risk assessment",
          "multi-channel fraud detection",
          "retail",
          "adaptive risk models",
          "community insights",
          "community-driven fraud detection",
          "d2c",
          "customer authentication",
          "risk mitigation",
          "retail fraud prevention",
          "online fraud prevention",
          "digital risk solutions",
          "machine learning models",
          "multi-layered fraud strategy",
          "flexible risk controls",
          "dispute resolution",
          "identity verification",
          "fraud analytics",
          "security protocols",
          "customer experience",
          "digital identity verification",
          "account takeover protection",
          "ai model explainability",
          "artificial intelligence",
          "services",
          "sca compliance",
          "real-time analytics",
          "multi-industry risk solutions",
          "multi-layered security architecture",
          "fraud prevention",
          "ai-powered fraud detection",
          "travel",
          "adaptive fraud controls",
          "fraud scoring",
          "payment fraud",
          "payment security",
          "information technology and services",
          "risk signals",
          "b2c",
          "fraud prevention platform",
          "customer experience optimization",
          "api integration",
          "account protection",
          "payment optimization",
          "abuse protection",
          "multi-accounting fraud",
          "account takeover fraud",
          "fraudulent transactions",
          "ecommerce security",
          "data breaches",
          "policy automation",
          "reporting tools",
          "sca optimization",
          "compliance management",
          "dispute management",
          "self-managed solutions",
          "fully managed services",
          "return abuse prevention",
          "real-time risk decisioning",
          "customer identity verification",
          "seamless payment experience",
          "fraud risk strategy",
          "global payment solutions",
          "advisory services",
          "client success",
          "deep expertise",
          "predictive analytics",
          "risk management solutions",
          "fraud prevention technology",
          "flexible controls",
          "customer insights",
          "data-driven decisions",
          "financial transactions security",
          "consumer protection",
          "dynamic risk management",
          "chargeback process automation",
          "integration solutions",
          "scalable technology",
          "cross-border transactions",
          "transaction authorization",
          "finance",
          "consumer products & retail",
          "transportation & logistics",
          "professional training & coaching",
          "information technology & services",
          "computer & network security",
          "consumer internet",
          "consumers",
          "finance technology",
          "conflict resolution",
          "analytics",
          "enterprise software",
          "enterprises",
          "computer software"
        ],
        "organization_revenue_printed": "35.5M",
        "organization_revenue": 35500000.0,
        "industries": [
          "information technology & services",
          "internet",
          "computer & network security"
        ],
        "secondary_industries": [
          "internet",
          "computer & network security"
        ],
        "snippets_loaded": true,
        "industry_tag_id": "5567cd4773696439b10b0000",
        "industry_tag_hash": {
          "information technology & services": "5567cd4773696439b10b0000",
          "internet": "5567cd4d736964397e020000",
          "computer & network security": "5567cd877369644cf94b0000"
        },
        "retail_location_count": 0,
        "raw_address": "2 Pierce Place, Suite 900, Itasca, IL 60143, US",
        "street_address": "2 Pierce Place",
        "city": "Itasca",
        "state": "Illinois",
        "postal_code": "60143",
        "country": "United States",
        "organization_headcount_six_month_growth": null,
        "organization_headcount_twelve_month_growth": null,
        "organization_headcount_twenty_four_month_growth": null
      },
      "departments": [],
      "subdepartments": [],
      "seniority": "entry",
      "functions": [],
      "intent_strength": null,
      "show_intent": false,
      "email_domain_catchall": false,
      "revealed_for_current_team": true
    },
    {
      "id": "68e34930497b790001b28a12",
      "first_name": "Vicente",
      "last_name": "Menzella",
      "name": "Vicente Menzella",
      "linkedin_url": "http://www.linkedin.com/in/vicente-menzella",
      "title": "Fraud Analyst",
      "email_status": null,
      "photo_url": null,
      "twitter_url": null,
      "github_url": null,
      "facebook_url": null,
      "extrapolated_email_confidence": null,
      "headline": null,
      "email": null,
      "organization_id": "5a9d65cfa6da98d94d8c0aef",
      "organization": {
        "id": "5a9d65cfa6da98d94d8c0aef",
        "name": "Accertify",
        "website_url": null,
        "blog_url": null,
        "angellist_url": null,
        "linkedin_url": "http://www.linkedin.com/company/accertify",
        "twitter_url": null,
        "facebook_url": null,
        "primary_phone": {},
        "languages": [],
        "alexa_ranking": null,
        "phone": null,
        "linkedin_uid": "18421421",
        "founded_year": null,
        "publicly_traded_symbol": null,
        "publicly_traded_exchange": null,
        "logo_url": "https://zenprospect-production.s3.amazonaws.com/uploads/pictures/63edac0a998f12000100b12d/picture",
        "crunchbase_url": null,
        "primary_domain": null,
        "industry": "",
        "estimated_num_employees": 4,
        "keywords": [],
        "organization_revenue_printed": null,
        "organization_revenue": 0.0,
        "industries": [],
        "secondary_industries": [],
        "snippets_loaded": true,
        "industry_tag_id": null,
        "industry_tag_hash": {},
        "retail_location_count": 0,
        "organization_headcount_six_month_growth": null,
        "organization_headcount_twelve_month_growth": null,
        "organization_headcount_twenty_four_month_growth": null
      },
      "departments": [],
      "subdepartments": [],
      "seniority": "entry",
      "functions": [],
      "intent_strength": null,
      "show_intent": false,
      "email_domain_catchall": false,
      "revealed_for_current_team": true
    },
    {
      "id": "63f5f6b092a66a0001f97ce6",
      "first_name": "Qazi",
      "last_name": "Rehman",
      "name": "Qazi Rehman",
      "linkedin_url": "http://www.linkedin.com/in/qazi-abdur-rehman-9005028b",
      "title": "Sr. Analyst",
      "email_status": "verified",
      "photo_url": "https://media.licdn.com/dms/image/v2/D5603AQE6dcH0LnDHQA/profile-displayphoto-scale_200_200/B56Zn7hjkqG4AY-/0/1760861503548?e=2147483647&v=beta&t=AIdYbIJvkIsFGXk_duUdqccvrMDOhOdYOO4GzFuiwWE",
      "twitter_url": null,
      "github_url": null,
      "facebook_url": null,
      "extrapolated_email_confidence": null,
      "headline": "Team Leader @ Accertify, Inc. | Risk Management Expert | Financial Crime Prevention Specialist",
      "email": "email_not_unlocked@domain.com",
      "organization_id": "54a126b069702d8cfc105f00",
      "street_address": "",
      "city": "New Delhi",
      "state": "Delhi",
      "country": "India",
      "postal_code": "110001",
      "formatted_address": "New Delhi, Delhi 110001, India",
      "time_zone": "Asia/Kolkata",
      "organization": {
        "id": "54a126b069702d8cfc105f00",
        "name": "Accertify, Inc.",
        "website_url": "http://www.accertify.com",
        "blog_url": null,
        "angellist_url": "http://angel.co/accertify",
        "linkedin_url": "http://www.linkedin.com/company/accertify-inc-",
        "twitter_url": "https://twitter.com/accertifyinc",
        "facebook_url": "https://facebook.com/accertifysolutions/",
        "primary_phone": {
          "number": "+1 630-735-4400",
          "source": "Owler",
          "sanitized_number": "+16307354400"
        },
        "languages": [
          "English",
          "German",
          "French"
        ],
        "alexa_ranking": 589488,
        "phone": "+1 630-735-4400",
        "linkedin_uid": "339806",
        "founded_year": 2007,
        "publicly_traded_symbol": null,
        "publicly_traded_exchange": null,
        "logo_url": "https://zenprospect-production.s3.amazonaws.com/uploads/pictures/692d17db676b9b00015b75c8/picture",
        "crunchbase_url": null,
        "primary_domain": "accertify.com",
        "sic_codes": [
          "7375"
        ],
        "naics_codes": [
          "54151"
        ],
        "sanitized_phone": "+16307354400",
        "industry": "information technology & services",
        "estimated_num_employees": 820,
        "keywords": [
          "fraud management",
          "chargeback management",
          "payment gateway",
          "managed services",
          "professional services",
          "support services",
          "decision sciences",
          "machine learning",
          "behavioral analytics",
          "digital identity",
          "account takeover",
          "security",
          "credit cards",
          "fraud detection",
          "internet",
          "information technology",
          "software development",
          "transaction risk scoring",
          "user behavior analytics",
          "fraud detection for high-volume transactions",
          "risk management platform",
          "transaction monitoring",
          "tokenization",
          "e-commerce",
          "real-time decisioning",
          "innovation",
          "ai and machine learning",
          "risk signals monitoring",
          "e-commerce security",
          "community data signals",
          "customer journey security",
          "predictive fraud analytics",
          "community insights data",
          "operational efficiency",
          "deep expertise in fraud",
          "chargeback reduction",
          "gaming and betting fraud",
          "risk signal aggregation",
          "financial technology",
          "risk management",
          "online transaction security",
          "dynamic risk vectors",
          "risk management for airlines",
          "real-time fraud alerts",
          "b2b",
          "fraud pattern detection",
          "cybersecurity",
          "computer systems design and related services",
          "regulatory compliance",
          "financial services",
          "risk assessment",
          "multi-channel fraud detection",
          "retail",
          "adaptive risk models",
          "community insights",
          "community-driven fraud detection",
          "d2c",
          "customer authentication",
          "risk mitigation",
          "retail fraud prevention",
          "online fraud prevention",
          "digital risk solutions",
          "machine learning models",
          "multi-layered fraud strategy",
          "flexible risk controls",
          "dispute resolution",
          "identity verification",
          "fraud analytics",
          "security protocols",
          "customer experience",
          "digital identity verification",
          "account takeover protection",
          "ai model explainability",
          "artificial intelligence",
          "services",
          "sca compliance",
          "real-time analytics",
          "multi-industry risk solutions",
          "multi-layered security architecture",
          "fraud prevention",
          "ai-powered fraud detection",
          "travel",
          "adaptive fraud controls",
          "fraud scoring",
          "payment fraud",
          "payment security",
          "information technology and services",
          "risk signals",
          "b2c",
          "fraud prevention platform",
          "customer experience optimization",
          "api integration",
          "account protection",
          "payment optimization",
          "abuse protection",
          "multi-accounting fraud",
          "account takeover fraud",
          "fraudulent transactions",
          "ecommerce security",
          "data breaches",
          "policy automation",
          "reporting tools",
          "sca optimization",
          "compliance management",
          "dispute management",
          "self-managed solutions",
          "fully managed services",
          "return abuse prevention",
          "real-time risk decisioning",
          "customer identity verification",
          "seamless payment experience",
          "fraud risk strategy",
          "global payment solutions",
          "advisory services",
          "client success",
          "deep expertise",
          "predictive analytics",
          "risk management solutions",
          "fraud prevention technology",
          "flexible controls",
          "customer insights",
          "data-driven decisions",
          "financial transactions security",
          "consumer protection",
          "dynamic risk management",
          "chargeback process automation",
          "integration solutions",
          "scalable technology",
          "cross-border transactions",
          "transaction authorization",
          "finance",
          "consumer products & retail",
          "transportation & logistics",
          "professional training & coaching",
          "information technology & services",
          "computer & network security",
          "consumer internet",
          "consumers",
          "finance technology",
          "conflict resolution",
          "analytics",
          "enterprise software",
          "enterprises",
          "computer software"
        ],
        "organization_revenue_printed": "35.5M",
        "organization_revenue": 35500000.0,
        "industries": [
          "information technology & services",
          "internet",
          "computer & network security"
        ],
        "secondary_industries": [
          "internet",
          "computer & network security"
        ],
        "snippets_loaded": true,
        "industry_tag_id": "5567cd4773696439b10b0000",
        "industry_tag_hash": {
          "information technology & services": "5567cd4773696439b10b0000",
          "internet": "5567cd4d736964397e020000",
          "computer & network security": "5567cd877369644cf94b0000"
        },
        "retail_location_count": 0,
        "raw_address": "2 Pierce Place, Suite 900, Itasca, IL 60143, US",
        "street_address": "2 Pierce Place",
        "city": "Itasca",
        "state": "Illinois",
        "postal_code": "60143",
        "country": "United States",
        "organization_headcount_six_month_growth": null,
        "organization_headcount_twelve_month_growth": null,
        "organization_headcount_twenty_four_month_growth": null
      },
      "departments": [],
      "subdepartments": [],
      "seniority": "senior",
      "functions": [],
      "intent_strength": null,
      "show_intent": false,
      "email_domain_catchall": false,
      "revealed_for_current_team": true
    },
    {
      "id": "6920395ee932e3000159b59c",
      "first_name": "Anjali",
      "last_name": null,
      "name": "Anjali",
      "linkedin_url": "http://www.linkedin.com/in/anjali-64222420b",
      "title": "Fraud Analyst",
      "email_status": null,
      "photo_url": "https://media.licdn.com/dms/image/v2/D5603AQGYOlZRBHZcuA/profile-displayphoto-scale_200_200/B56ZgTWhlhHcAY-/0/1752671329456?e=2147483647&v=beta&t=oijFHJ9o3KpGuEaicycdsxI0KiAkuKO6mb2CaaJHcGs",
      "twitter_url": null,
      "github_url": null,
      "facebook_url": null,
      "extrapolated_email_confidence": null,
      "headline": "Fraud Analyst | Accertify",
      "email": null,
      "organization_id": "5a9d65cfa6da98d94d8c0aef",
      "street_address": "",
      "city": "Gurugram",
      "state": "Haryana",
      "country": "India",
      "postal_code": null,
      "formatted_address": "Gurugram, Haryana, India",
      "time_zone": "Asia/Kolkata",
      "organization": {
        "id": "5a9d65cfa6da98d94d8c0aef",
        "name": "Accertify",
        "website_url": null,
        "blog_url": null,
        "angellist_url": null,
        "linkedin_url": "http://www.linkedin.com/company/accertify",
        "twitter_url": null,
        "facebook_url": null,
        "primary_phone": {},
        "languages": [],
        "alexa_ranking": null,
        "phone": null,
        "linkedin_uid": "18421421",
        "founded_year": null,
        "publicly_traded_symbol": null,
        "publicly_traded_exchange": null,
        "logo_url": "https://zenprospect-production.s3.amazonaws.com/uploads/pictures/63edac0a998f12000100b12d/picture",
        "crunchbase_url": null,
        "primary_domain": null,
        "industry": "",
        "estimated_num_employees": 4,
        "keywords": [],
        "organization_revenue_printed": null,
        "organization_revenue": 0.0,
        "industries": [],
        "secondary_industries": [],
        "snippets_loaded": true,
        "industry_tag_id": null,
        "industry_tag_hash": {},
        "retail_location_count": 0,
        "organization_headcount_six_month_growth": null,
        "organization_headcount_twelve_month_growth": null,
        "organization_headcount_twenty_four_month_growth": null
      },
      "departments": [],
      "subdepartments": [],
      "seniority": "entry",
      "functions": [],
      "intent_strength": null,
      "show_intent": false,
      "email_domain_catchall": false,
      "revealed_for_current_team": true
    },
    {
      "id": "57d5b5d2a6da98537206d082",
      "first_name": "Kevin",
      "last_name": "Werges",
      "name": "Kevin Werges",
      "linkedin_url": "http://www.linkedin.com/in/kevin-werges-2200135b",
      "title": "Software Engineer",
      "email_status": "verified",
      "photo_url": "https://media.licdn.com/dms/image/v2/C4D03AQGpFeyB0-1yoA/profile-displayphoto-shrink_200_200/profile-displayphoto-shrink_200_200/0/1591031293919?e=2147483647&v=beta&t=X69yz51d9HKzhxqAXRMixNkySR_iBRP6OJ-lB0QbZfQ",
      "twitter_url": null,
      "github_url": null,
      "facebook_url": null,
      "extrapolated_email_confidence": null,
      "headline": "Software Engineer at Accertify",
      "email": "email_not_unlocked@domain.com",
      "organization_id": "5a9d65cfa6da98d94d8c0aef",
      "street_address": "",
      "city": "Streamwood",
      "state": "Illinois",
      "country": "United States",
      "postal_code": null,
      "formatted_address": "Streamwood, IL, USA",
      "time_zone": "America/Chicago",
      "organization": {
        "id": "5a9d65cfa6da98d94d8c0aef",
        "name": "Accertify",
        "website_url": null,
        "blog_url": null,
        "angellist_url": null,
        "linkedin_url": "http://www.linkedin.com/company/accertify",
        "twitter_url": null,
        "facebook_url": null,
        "primary_phone": {},
        "languages": [],
        "alexa_ranking": null,
        "phone": null,
        "linkedin_uid": "18421421",
        "founded_year": null,
        "publicly_traded_symbol": null,
        "publicly_traded_exchange": null,
        "logo_url": "https://zenprospect-production.s3.amazonaws.com/uploads/pictures/63edac0a998f12000100b12d/picture",
        "crunchbase_url": null,
        "primary_domain": null,
        "industry": "",
        "estimated_num_employees": 4,
        "keywords": [],
        "organization_revenue_printed": null,
        "organization_revenue": 0.0,
        "industries": [],
        "secondary_industries": [],
        "snippets_loaded": true,
        "industry_tag_id": null,
        "industry_tag_hash": {},
        "retail_location_count": 0,
        "organization_headcount_six_month_growth": null,
        "organization_headcount_twelve_month_growth": null,
        "organization_headcount_twenty_four_month_growth": null
      },
      "departments": [
        "master_engineering_technical"
      ],
      "subdepartments": [
        "engineering_technical",
        "software_development"
      ],
      "seniority": "entry",
      "functions": [
        "engineering"
      ],
      "intent_strength": null,
      "show_intent": false,
      "email_domain_catchall": false,
      "revealed_for_current_team": true
    },
    {
      "id": "66adc72999a0dc000102f3b4",
      "first_name": "Anshika",
      "last_name": "Tanpure",
      "name": "Anshika Tanpure",
      "linkedin_url": "http://www.linkedin.com/in/anshika-tanpure-4435a329a",
      "title": "Senior Analyst",
      "email_status": "verified",
      "photo_url": "https://media.licdn.com/dms/image/v2/D4D03AQFdc009RoMKCw/profile-displayphoto-shrink_200_200/profile-displayphoto-shrink_200_200/0/1708670402661?e=2147483647&v=beta&t=121NcuIuJKstB9CiQtHUcormu-PH1Lk5jLTx1ufHiMQ",
      "twitter_url": null,
      "github_url": null,
      "facebook_url": null,
      "extrapolated_email_confidence": null,
      "headline": "Senior Analyst @ Accertify India | Analytics, Frauds",
      "email": "email_not_unlocked@domain.com",
      "organization_id": "54a126b069702d8cfc105f00",
      "street_address": "",
      "city": "New Delhi",
      "state": "Delhi",
      "country": "India",
      "postal_code": null,
      "formatted_address": "Delhi, India",
      "time_zone": "Asia/Kolkata",
      "organization": {
        "id": "54a126b069702d8cfc105f00",
        "name": "Accertify, Inc.",
        "website_url": "http://www.accertify.com",
        "blog_url": null,
        "angellist_url": "http://angel.co/accertify",
        "linkedin_url": "http://www.linkedin.com/company/accertify-inc-",
        "twitter_url": "https://twitter.com/accertifyinc",
        "facebook_url": "https://facebook.com/accertifysolutions/",
        "primary_phone": {
          "number": "+1 630-735-4400",
          "source": "Owler",
          "sanitized_number": "+16307354400"
        },
        "languages": [
          "English",
          "German",
          "French"
        ],
        "alexa_ranking": 589488,
        "phone": "+1 630-735-4400",
        "linkedin_uid": "339806",
        "founded_year": 2007,
        "publicly_traded_symbol": null,
        "publicly_traded_exchange": null,
        "logo_url": "https://zenprospect-production.s3.amazonaws.com/uploads/pictures/692d17db676b9b00015b75c8/picture",
        "crunchbase_url": null,
        "primary_domain": "accertify.com",
        "sic_codes": [
          "7375"
        ],
        "naics_codes": [
          "54151"
        ],
        "sanitized_phone": "+16307354400",
        "industry": "information technology & services",
        "estimated_num_employees": 820,
        "keywords": [
          "fraud management",
          "chargeback management",
          "payment gateway",
          "managed services",
          "professional services",
          "support services",
          "decision sciences",
          "machine learning",
          "behavioral analytics",
          "digital identity",
          "account takeover",
          "security",
          "credit cards",
          "fraud detection",
          "internet",
          "information technology",
          "software development",
          "transaction risk scoring",
          "user behavior analytics",
          "fraud detection for high-volume transactions",
          "risk management platform",
          "transaction monitoring",
          "tokenization",
          "e-commerce",
          "real-time decisioning",
          "innovation",
          "ai and machine learning",
          "risk signals monitoring",
          "e-commerce security",
          "community data signals",
          "customer journey security",
          "predictive fraud analytics",
          "community insights data",
          "operational efficiency",
          "deep expertise in fraud",
          "chargeback reduction",
          "gaming and betting fraud",
          "risk signal aggregation",
          "financial technology",
          "risk management",
          "online transaction security",
          "dynamic risk vectors",
          "risk management for airlines",
          "real-time fraud alerts",
          "b2b",
          "fraud pattern detection",
          "cybersecurity",
          "computer systems design and related services",
          "regulatory compliance",
          "financial services",
          "risk assessment",
          "multi-channel fraud detection",
          "retail",
          "adaptive risk models",
          "community insights",
          "community-driven fraud detection",
          "d2c",
          "customer authentication",
          "risk mitigation",
          "retail fraud prevention",
          "online fraud prevention",
          "digital risk solutions",
          "machine learning models",
          "multi-layered fraud strategy",
          "flexible risk controls",
          "dispute resolution",
          "identity verification",
          "fraud analytics",
          "security protocols",
          "customer experience",
          "digital identity verification",
          "account takeover protection",
          "ai model explainability",
          "artificial intelligence",
          "services",
          "sca compliance",
          "real-time analytics",
          "multi-industry risk solutions",
          "multi-layered security architecture",
          "fraud prevention",
          "ai-powered fraud detection",
          "travel",
          "adaptive fraud controls",
          "fraud scoring",
          "payment fraud",
          "payment security",
          "information technology and services",
          "risk signals",
          "b2c",
          "fraud prevention platform",
          "customer experience optimization",
          "api integration",
          "account protection",
          "payment optimization",
          "abuse protection",
          "multi-accounting fraud",
          "account takeover fraud",
          "fraudulent transactions",
          "ecommerce security",
          "data breaches",
          "policy automation",
          "reporting tools",
          "sca optimization",
          "compliance management",
          "dispute management",
          "self-managed solutions",
          "fully managed services",
          "return abuse prevention",
          "real-time risk decisioning",
          "customer identity verification",
          "seamless payment experience",
          "fraud risk strategy",
          "global payment solutions",
          "advisory services",
          "client success",
          "deep expertise",
          "predictive analytics",
          "risk management solutions",
          "fraud prevention technology",
          "flexible controls",
          "customer insights",
          "data-driven decisions",
          "financial transactions security",
          "consumer protection",
          "dynamic risk management",
          "chargeback process automation",
          "integration solutions",
          "scalable technology",
          "cross-border transactions",
          "transaction authorization",
          "finance",
          "consumer products & retail",
          "transportation & logistics",
          "professional training & coaching",
          "information technology & services",
          "computer & network security",
          "consumer internet",
          "consumers",
          "finance technology",
          "conflict resolution",
          "analytics",
          "enterprise software",
          "enterprises",
          "computer software"
        ],
        "organization_revenue_printed": "35.5M",
        "organization_revenue": 35500000.0,
        "industries": [
          "information technology & services",
          "internet",
          "computer & network security"
        ],
        "secondary_industries": [
          "internet",
          "computer & network security"
        ],
        "snippets_loaded": true,
        "industry_tag_id": "5567cd4773696439b10b0000",
        "industry_tag_hash": {
          "information technology & services": "5567cd4773696439b10b0000",
          "internet": "5567cd4d736964397e020000",
          "computer & network security": "5567cd877369644cf94b0000"
        },
        "retail_location_count": 0,
        "raw_address": "2 Pierce Place, Suite 900, Itasca, IL 60143, US",
        "street_address": "2 Pierce Place",
        "city": "Itasca",
        "state": "Illinois",
        "postal_code": "60143",
        "country": "United States",
        "organization_headcount_six_month_growth": null,
        "organization_headcount_twelve_month_growth": null,
        "organization_headcount_twenty_four_month_growth": null
      },
      "departments": [],
      "subdepartments": [],
      "seniority": "senior",
      "functions": [],
      "intent_strength": null,
      "show_intent": false,
      "email_domain_catchall": false,
      "revealed_for_current_team": true
    },
    {
      "id": "68dd9bccb603340001580832",
      "first_name": "Mujtaba",
      "last_name": "Ahmed",
      "name": "Mujtaba Ahmed",
      "linkedin_url": "http://www.linkedin.com/in/mujtaba-ahmed1",
      "title": "Project Manager",
      "email_status": null,
      "photo_url": null,
      "twitter_url": null,
      "github_url": null,
      "facebook_url": null,
      "extrapolated_email_confidence": null,
      "headline": null,
      "email": null,
      "organization_id": "5a9d65cfa6da98d94d8c0aef",
      "organization": {
        "id": "5a9d65cfa6da98d94d8c0aef",
        "name": "Accertify",
        "website_url": null,
        "blog_url": null,
        "angellist_url": null,
        "linkedin_url": "http://www.linkedin.com/company/accertify",
        "twitter_url": null,
        "facebook_url": null,
        "primary_phone": {},
        "languages": [],
        "alexa_ranking": null,
        "phone": null,
        "linkedin_uid": "18421421",
        "founded_year": null,
        "publicly_traded_symbol": null,
        "publicly_traded_exchange": null,
        "logo_url": "https://zenprospect-production.s3.amazonaws.com/uploads/pictures/63edac0a998f12000100b12d/picture",
        "crunchbase_url": null,
        "primary_domain": null,
        "industry": "",
        "estimated_num_employees": 4,
        "keywords": [],
        "organization_revenue_printed": null,
        "organization_revenue": 0.0,
        "industries": [],
        "secondary_industries": [],
        "snippets_loaded": true,
        "industry_tag_id": null,
        "industry_tag_hash": {},
        "retail_location_count": 0,
        "organization_headcount_six_month_growth": null,
        "organization_headcount_twelve_month_growth": null,
        "organization_headcount_twenty_four_month_growth": null
      },
      "departments": [
        "master_engineering_technical"
      ],
      "subdepartments": [
        "project_management"
      ],
      "seniority": "manager",
      "functions": [],
      "intent_strength": null,
      "show_intent": false,
      "email_domain_catchall": false,
      "revealed_for_current_team": true
    },
    {
      "id": "62a751e51060a50001a8ae22",
      "first_name": "Sharanya",
      "last_name": "Ashwin",
      "name": "Sharanya Ashwin",
      "linkedin_url": "http://www.linkedin.com/in/sharanya-a-35140467",
      "title": "Dev ops Manager",
      "email_status": "verified",
      "photo_url": "https://static.licdn.com/aero-v1/sc/h/9c8pery4andzj6ohjkjp54ma2",
      "twitter_url": null,
      "github_url": null,
      "facebook_url": null,
      "extrapolated_email_confidence": null,
      "headline": null,
      "email": "email_not_unlocked@domain.com",
      "organization_id": "54a126b069702d8cfc105f00",
      "street_address": "",
      "city": "Frisco",
      "state": "Texas",
      "country": "United States",
      "postal_code": null,
      "formatted_address": "Frisco, TX, USA",
      "time_zone": "America/Chicago",
      "organization": {
        "id": "54a126b069702d8cfc105f00",
        "name": "Accertify, Inc.",
        "website_url": "http://www.accertify.com",
        "blog_url": null,
        "angellist_url": "http://angel.co/accertify",
        "linkedin_url": "http://www.linkedin.com/company/accertify-inc-",
        "twitter_url": "https://twitter.com/accertifyinc",
        "facebook_url": "https://facebook.com/accertifysolutions/",
        "primary_phone": {
          "number": "+1 630-735-4400",
          "source": "Owler",
          "sanitized_number": "+16307354400"
        },
        "languages": [
          "English",
          "German",
          "French"
        ],
        "alexa_ranking": 589488,
        "phone": "+1 630-735-4400",
        "linkedin_uid": "339806",
        "founded_year": 2007,
        "publicly_traded_symbol": null,
        "publicly_traded_exchange": null,
        "logo_url": "https://zenprospect-production.s3.amazonaws.com/uploads/pictures/692d17db676b9b00015b75c8/picture",
        "crunchbase_url": null,
        "primary_domain": "accertify.com",
        "sic_codes": [
          "7375"
        ],
        "naics_codes": [
          "54151"
        ],
        "sanitized_phone": "+16307354400",
        "industry": "information technology & services",
        "estimated_num_employees": 820,
        "keywords": [
          "fraud management",
          "chargeback management",
          "payment gateway",
          "managed services",
          "professional services",
          "support services",
          "decision sciences",
          "machine learning",
          "behavioral analytics",
          "digital identity",
          "account takeover",
          "security",
          "credit cards",
          "fraud detection",
          "internet",
          "information technology",
          "software development",
          "transaction risk scoring",
          "user behavior analytics",
          "fraud detection for high-volume transactions",
          "risk management platform",
          "transaction monitoring",
          "tokenization",
          "e-commerce",
          "real-time decisioning",
          "innovation",
          "ai and machine learning",
          "risk signals monitoring",
          "e-commerce security",
          "community data signals",
          "customer journey security",
          "predictive fraud analytics",
          "community insights data",
          "operational efficiency",
          "deep expertise in fraud",
          "chargeback reduction",
          "gaming and betting fraud",
          "risk signal aggregation",
          "financial technology",
          "risk management",
          "online transaction security",
          "dynamic risk vectors",
          "risk management for airlines",
          "real-time fraud alerts",
          "b2b",
          "fraud pattern detection",
          "cybersecurity",
          "computer systems design and related services",
          "regulatory compliance",
          "financial services",
          "risk assessment",
          "multi-channel fraud detection",
          "retail",
          "adaptive risk models",
          "community insights",
          "community-driven fraud detection",
          "d2c",
          "customer authentication",
          "risk mitigation",
          "retail fraud prevention",
          "online fraud prevention",
          "digital risk solutions",
          "machine learning models",
          "multi-layered fraud strategy",
          "flexible risk controls",
          "dispute resolution",
          "identity verification",
          "fraud analytics",
          "security protocols",
          "customer experience",
          "digital identity verification",
          "account takeover protection",
          "ai model explainability",
          "artificial intelligence",
          "services",
          "sca compliance",
          "real-time analytics",
          "multi-industry risk solutions",
          "multi-layered security architecture",
          "fraud prevention",
          "ai-powered fraud detection",
          "travel",
          "adaptive fraud controls",
          "fraud scoring",
          "payment fraud",
          "payment security",
          "information technology and services",
          "risk signals",
          "b2c",
          "fraud prevention platform",
          "customer experience optimization",
          "api integration",
          "account protection",
          "payment optimization",
          "abuse protection",
          "multi-accounting fraud",
          "account takeover fraud",
          "fraudulent transactions",
          "ecommerce security",
          "data breaches",
          "policy automation",
          "reporting tools",
          "sca optimization",
          "compliance management",
          "dispute management",
          "self-managed solutions",
          "fully managed services",
          "return abuse prevention",
          "real-time risk decisioning",
          "customer identity verification",
          "seamless payment experience",
          "fraud risk strategy",
          "global payment solutions",
          "advisory services",
          "client success",
          "deep expertise",
          "predictive analytics",
          "risk management solutions",
          "fraud prevention technology",
          "flexible controls",
          "customer insights",
          "data-driven decisions",
          "financial transactions security",
          "consumer protection",
          "dynamic risk management",
          "chargeback process automation",
          "integration solutions",
          "scalable technology",
          "cross-border transactions",
          "transaction authorization",
          "finance",
          "consumer products & retail",
          "transportation & logistics",
          "professional training & coaching",
          "information technology & services",
          "computer & network security",
          "consumer internet",
          "consumers",
          "finance technology",
          "conflict resolution",
          "analytics",
          "enterprise software",
          "enterprises",
          "computer software"
        ],
        "organization_revenue_printed": "35.5M",
        "organization_revenue": 35500000.0,
        "industries": [
          "information technology & services",
          "internet",
          "computer & network security"
        ],
        "secondary_industries": [
          "internet",
          "computer & network security"
        ],
        "snippets_loaded": true,
        "industry_tag_id": "5567cd4773696439b10b0000",
        "industry_tag_hash": {
          "information technology & services": "5567cd4773696439b10b0000",
          "internet": "5567cd4d736964397e020000",
          "computer & network security": "5567cd877369644cf94b0000"
        },
        "retail_location_count": 0,
        "raw_address": "2 Pierce Place, Suite 900, Itasca, IL 60143, US",
        "street_address": "2 Pierce Place",
        "city": "Itasca",
        "state": "Illinois",
        "postal_code": "60143",
        "country": "United States",
        "organization_headcount_six_month_growth": null,
        "organization_headcount_twelve_month_growth": null,
        "organization_headcount_twenty_four_month_growth": null
      },
      "departments": [
        "master_operations"
      ],
      "subdepartments": [
        "operations"
      ],
      "seniority": "manager",
      "functions": [
        "operations"
      ],
      "intent_strength": null,
      "show_intent": false,
      "email_domain_catchall": false,
      "revealed_for_current_team": true
    },
    {
      "id": "665cf5524bbc480001a85ada",
      "first_name": "Mohit",
      "last_name": "Sehgal",
      "name": "Mohit Sehgal",
      "linkedin_url": "http://www.linkedin.com/in/mohit-sehgal-b42a03253",
      "title": "Fraud Analyst",
      "email_status": "verified",
      "photo_url": "https://media.licdn.com/dms/image/v2/D5603AQFs-jYBzRBi6A/profile-displayphoto-shrink_200_200/B56ZZj.tHxGcAk-/0/1745434105605?e=2147483647&v=beta&t=GMExvmgXlWKHOK5UVgMhXBkW_-KLingt7gg5DoTI7bc",
      "twitter_url": null,
      "github_url": null,
      "facebook_url": null,
      "extrapolated_email_confidence": null,
      "headline": "Fraud Analyst | Transaction Monitoring | AML/KYC | Financial Risk |. EX- GENPACT",
      "email": "email_not_unlocked@domain.com",
      "organization_id": "54a126b069702d8cfc105f00",
      "street_address": "",
      "city": "Gurugram",
      "state": "Haryana",
      "country": "India",
      "postal_code": null,
      "formatted_address": "Gurugram, Haryana, India",
      "time_zone": "Asia/Kolkata",
      "organization": {
        "id": "54a126b069702d8cfc105f00",
        "name": "Accertify, Inc.",
        "website_url": "http://www.accertify.com",
        "blog_url": null,
        "angellist_url": "http://angel.co/accertify",
        "linkedin_url": "http://www.linkedin.com/company/accertify-inc-",
        "twitter_url": "https://twitter.com/accertifyinc",
        "facebook_url": "https://facebook.com/accertifysolutions/",
        "primary_phone": {
          "number": "+1 630-735-4400",
          "source": "Owler",
          "sanitized_number": "+16307354400"
        },
        "languages": [
          "English",
          "German",
          "French"
        ],
        "alexa_ranking": 589488,
        "phone": "+1 630-735-4400",
        "linkedin_uid": "339806",
        "founded_year": 2007,
        "publicly_traded_symbol": null,
        "publicly_traded_exchange": null,
        "logo_url": "https://zenprospect-production.s3.amazonaws.com/uploads/pictures/692d17db676b9b00015b75c8/picture",
        "crunchbase_url": null,
        "primary_domain": "accertify.com",
        "sic_codes": [
          "7375"
        ],
        "naics_codes": [
          "54151"
        ],
        "sanitized_phone": "+16307354400",
        "industry": "information technology & services",
        "estimated_num_employees": 820,
        "keywords": [
          "fraud management",
          "chargeback management",
          "payment gateway",
          "managed services",
          "professional services",
          "support services",
          "decision sciences",
          "machine learning",
          "behavioral analytics",
          "digital identity",
          "account takeover",
          "security",
          "credit cards",
          "fraud detection",
          "internet",
          "information technology",
          "software development",
          "transaction risk scoring",
          "user behavior analytics",
          "fraud detection for high-volume transactions",
          "risk management platform",
          "transaction monitoring",
          "tokenization",
          "e-commerce",
          "real-time decisioning",
          "innovation",
          "ai and machine learning",
          "risk signals monitoring",
          "e-commerce security",
          "community data signals",
          "customer journey security",
          "predictive fraud analytics",
          "community insights data",
          "operational efficiency",
          "deep expertise in fraud",
          "chargeback reduction",
          "gaming and betting fraud",
          "risk signal aggregation",
          "financial technology",
          "risk management",
          "online transaction security",
          "dynamic risk vectors",
          "risk management for airlines",
          "real-time fraud alerts",
          "b2b",
          "fraud pattern detection",
          "cybersecurity",
          "computer systems design and related services",
          "regulatory compliance",
          "financial services",
          "risk assessment",
          "multi-channel fraud detection",
          "retail",
          "adaptive risk models",
          "community insights",
          "community-driven fraud detection",
          "d2c",
          "customer authentication",
          "risk mitigation",
          "retail fraud prevention",
          "online fraud prevention",
          "digital risk solutions",
          "machine learning models",
          "multi-layered fraud strategy",
          "flexible risk controls",
          "dispute resolution",
          "identity verification",
          "fraud analytics",
          "security protocols",
          "customer experience",
          "digital identity verification",
          "account takeover protection",
          "ai model explainability",
          "artificial intelligence",
          "services",
          "sca compliance",
          "real-time analytics",
          "multi-industry risk solutions",
          "multi-layered security architecture",
          "fraud prevention",
          "ai-powered fraud detection",
          "travel",
          "adaptive fraud controls",
          "fraud scoring",
          "payment fraud",
          "payment security",
          "information technology and services",
          "risk signals",
          "b2c",
          "fraud prevention platform",
          "customer experience optimization",
          "api integration",
          "account protection",
          "payment optimization",
          "abuse protection",
          "multi-accounting fraud",
          "account takeover fraud",
          "fraudulent transactions",
          "ecommerce security",
          "data breaches",
          "policy automation",
          "reporting tools",
          "sca optimization",
          "compliance management",
          "dispute management",
          "self-managed solutions",
          "fully managed services",
          "return abuse prevention",
          "real-time risk decisioning",
          "customer identity verification",
          "seamless payment experience",
          "fraud risk strategy",
          "global payment solutions",
          "advisory services",
          "client success",
          "deep expertise",
          "predictive analytics",
          "risk management solutions",
          "fraud prevention technology",
          "flexible controls",
          "customer insights",
          "data-driven decisions",
          "financial transactions security",
          "consumer protection",
          "dynamic risk management",
          "chargeback process automation",
          "integration solutions",
          "scalable technology",
          "cross-border transactions",
          "transaction authorization",
          "finance",
          "consumer products & retail",
          "transportation & logistics",
          "professional training & coaching",
          "information technology & services",
          "computer & network security",
          "consumer internet",
          "consumers",
          "finance technology",
          "conflict resolution",
          "analytics",
          "enterprise software",
          "enterprises",
          "computer software"
        ],
        "organization_revenue_printed": "35.5M",
        "organization_revenue": 35500000.0,
        "industries": [
          "information technology & services",
          "internet",
          "computer & network security"
        ],
        "secondary_industries": [
          "internet",
          "computer & network security"
        ],
        "snippets_loaded": true,
        "industry_tag_id": "5567cd4773696439b10b0000",
        "industry_tag_hash": {
          "information technology & services": "5567cd4773696439b10b0000",
          "internet": "5567cd4d736964397e020000",
          "computer & network security": "5567cd877369644cf94b0000"
        },
        "retail_location_count": 0,
        "raw_address": "2 Pierce Place, Suite 900, Itasca, IL 60143, US",
        "street_address": "2 Pierce Place",
        "city": "Itasca",
        "state": "Illinois",
        "postal_code": "60143",
        "country": "United States",
        "organization_headcount_six_month_growth": null,
        "organization_headcount_twelve_month_growth": null,
        "organization_headcount_twenty_four_month_growth": null
      },
      "departments": [],
      "subdepartments": [],
      "seniority": "entry",
      "functions": [],
      "intent_strength": null,
      "show_intent": false,
      "email_domain_catchall": false,
      "revealed_for_current_team": true
    },
    {
      "id": "602025649cb2710001006a79",
      "first_name": "Ayush",
      "last_name": "Gupta",
      "name": "Ayush Gupta",
      "linkedin_url": "http://www.linkedin.com/in/ayush-gupta-6a51a2179",
      "title": "Fraud Analyst",
      "email_status": "verified",
      "photo_url": "https://media.licdn.com/dms/image/v2/D4D03AQGggmDOoRiHOg/profile-displayphoto-shrink_200_200/profile-displayphoto-shrink_200_200/0/1682620165984?e=2147483647&v=beta&t=epiAo-XA5yPcSRMGL2cOjmXN7dz-jmmmFBbbgKuQhhM",
      "twitter_url": null,
      "github_url": null,
      "facebook_url": null,
      "extrapolated_email_confidence": null,
      "headline": "Fraud Analyst - Accertify",
      "email": "email_not_unlocked@domain.com",
      "organization_id": "54a126b069702d8cfc105f00",
      "street_address": "",
      "city": "Varanasi",
      "state": "Uttar Pradesh",
      "country": "India",
      "postal_code": null,
      "formatted_address": "Varanasi, Uttar Pradesh, India",
      "time_zone": "Asia/Kolkata",
      "organization": {
        "id": "54a126b069702d8cfc105f00",
        "name": "Accertify, Inc.",
        "website_url": "http://www.accertify.com",
        "blog_url": null,
        "angellist_url": "http://angel.co/accertify",
        "linkedin_url": "http://www.linkedin.com/company/accertify-inc-",
        "twitter_url": "https://twitter.com/accertifyinc",
        "facebook_url": "https://facebook.com/accertifysolutions/",
        "primary_phone": {
          "number": "+1 630-735-4400",
          "source": "Owler",
          "sanitized_number": "+16307354400"
        },
        "languages": [
          "English",
          "German",
          "French"
        ],
        "alexa_ranking": 589488,
        "phone": "+1 630-735-4400",
        "linkedin_uid": "339806",
        "founded_year": 2007,
        "publicly_traded_symbol": null,
        "publicly_traded_exchange": null,
        "logo_url": "https://zenprospect-production.s3.amazonaws.com/uploads/pictures/692d17db676b9b00015b75c8/picture",
        "crunchbase_url": null,
        "primary_domain": "accertify.com",
        "sic_codes": [
          "7375"
        ],
        "naics_codes": [
          "54151"
        ],
        "sanitized_phone": "+16307354400",
        "industry": "information technology & services",
        "estimated_num_employees": 820,
        "keywords": [
          "fraud management",
          "chargeback management",
          "payment gateway",
          "managed services",
          "professional services",
          "support services",
          "decision sciences",
          "machine learning",
          "behavioral analytics",
          "digital identity",
          "account takeover",
          "security",
          "credit cards",
          "fraud detection",
          "internet",
          "information technology",
          "software development",
          "transaction risk scoring",
          "user behavior analytics",
          "fraud detection for high-volume transactions",
          "risk management platform",
          "transaction monitoring",
          "tokenization",
          "e-commerce",
          "real-time decisioning",
          "innovation",
          "ai and machine learning",
          "risk signals monitoring",
          "e-commerce security",
          "community data signals",
          "customer journey security",
          "predictive fraud analytics",
          "community insights data",
          "operational efficiency",
          "deep expertise in fraud",
          "chargeback reduction",
          "gaming and betting fraud",
          "risk signal aggregation",
          "financial technology",
          "risk management",
          "online transaction security",
          "dynamic risk vectors",
          "risk management for airlines",
          "real-time fraud alerts",
          "b2b",
          "fraud pattern detection",
          "cybersecurity",
          "computer systems design and related services",
          "regulatory compliance",
          "financial services",
          "risk assessment",
          "multi-channel fraud detection",
          "retail",
          "adaptive risk models",
          "community insights",
          "community-driven fraud detection",
          "d2c",
          "customer authentication",
          "risk mitigation",
          "retail fraud prevention",
          "online fraud prevention",
          "digital risk solutions",
          "machine learning models",
          "multi-layered fraud strategy",
          "flexible risk controls",
          "dispute resolution",
          "identity verification",
          "fraud analytics",
          "security protocols",
          "customer experience",
          "digital identity verification",
          "account takeover protection",
          "ai model explainability",
          "artificial intelligence",
          "services",
          "sca compliance",
          "real-time analytics",
          "multi-industry risk solutions",
          "multi-layered security architecture",
          "fraud prevention",
          "ai-powered fraud detection",
          "travel",
          "adaptive fraud controls",
          "fraud scoring",
          "payment fraud",
          "payment security",
          "information technology and services",
          "risk signals",
          "b2c",
          "fraud prevention platform",
          "customer experience optimization",
          "api integration",
          "account protection",
          "payment optimization",
          "abuse protection",
          "multi-accounting fraud",
          "account takeover fraud",
          "fraudulent transactions",
          "ecommerce security",
          "data breaches",
          "policy automation",
          "reporting tools",
          "sca optimization",
          "compliance management",
          "dispute management",
          "self-managed solutions",
          "fully managed services",
          "return abuse prevention",
          "real-time risk decisioning",
          "customer identity verification",
          "seamless payment experience",
          "fraud risk strategy",
          "global payment solutions",
          "advisory services",
          "client success",
          "deep expertise",
          "predictive analytics",
          "risk management solutions",
          "fraud prevention technology",
          "flexible controls",
          "customer insights",
          "data-driven decisions",
          "financial transactions security",
          "consumer protection",
          "dynamic risk management",
          "chargeback process automation",
          "integration solutions",
          "scalable technology",
          "cross-border transactions",
          "transaction authorization",
          "finance",
          "consumer products & retail",
          "transportation & logistics",
          "professional training & coaching",
          "information technology & services",
          "computer & network security",
          "consumer internet",
          "consumers",
          "finance technology",
          "conflict resolution",
          "analytics",
          "enterprise software",
          "enterprises",
          "computer software"
        ],
        "organization_revenue_printed": "35.5M",
        "organization_revenue": 35500000.0,
        "industries": [
          "information technology & services",
          "internet",
          "computer & network security"
        ],
        "secondary_industries": [
          "internet",
          "computer & network security"
        ],
        "snippets_loaded": true,
        "industry_tag_id": "5567cd4773696439b10b0000",
        "industry_tag_hash": {
          "information technology & services": "5567cd4773696439b10b0000",
          "internet": "5567cd4d736964397e020000",
          "computer & network security": "5567cd877369644cf94b0000"
        },
        "retail_location_count": 0,
        "raw_address": "2 Pierce Place, Suite 900, Itasca, IL 60143, US",
        "street_address": "2 Pierce Place",
        "city": "Itasca",
        "state": "Illinois",
        "postal_code": "60143",
        "country": "United States",
        "organization_headcount_six_month_growth": null,
        "organization_headcount_twelve_month_growth": null,
        "organization_headcount_twenty_four_month_growth": null
      },
      "departments": [],
      "subdepartments": [],
      "seniority": "entry",
      "functions": [],
      "intent_strength": null,
      "show_intent": false,
      "email_domain_catchall": false,
      "revealed_for_current_team": true
    },
    {
      "id": "64ed32a1e54a4f0001739ec0",
      "first_name": "Kumar",
      "last_name": "Vishwas",
      "name": "Kumar Vishwas",
      "linkedin_url": "http://www.linkedin.com/in/kumar-vishwas-1823a522a",
      "title": null,
      "email_status": "verified",
      "photo_url": "https://media.licdn.com/dms/image/v2/D5603AQHO8aM1ZXaT8w/profile-displayphoto-scale_200_200/B56Zje7xojHkAc-/0/1756086871381?e=2147483647&v=beta&t=Mi-ovMXcO61LpqjPVj6PxK3lnyyq6WGjQUXNHVBqcFU",
      "twitter_url": null,
      "github_url": null,
      "facebook_url": null,
      "extrapolated_email_confidence": null,
      "headline": "Detail-oriented Fraud Analyst with 3 years of hands on experience in detecting investigating and preventing fraudulent activities.Proficient in utilizing advanced data analysis tools to catch suspicious patterns trends.",
      "email": "email_not_unlocked@domain.com",
      "organization_id": "54a126b069702d8cfc105f00",
      "street_address": "",
      "city": "Gurugram",
      "state": "Haryana",
      "country": "India",
      "postal_code": null,
      "formatted_address": "Gurugram, Haryana, India",
      "time_zone": "Asia/Kolkata",
      "organization": {
        "id": "54a126b069702d8cfc105f00",
        "name": "Accertify, Inc.",
        "website_url": "http://www.accertify.com",
        "blog_url": null,
        "angellist_url": "http://angel.co/accertify",
        "linkedin_url": "http://www.linkedin.com/company/accertify-inc-",
        "twitter_url": "https://twitter.com/accertifyinc",
        "facebook_url": "https://facebook.com/accertifysolutions/",
        "primary_phone": {
          "number": "+1 630-735-4400",
          "source": "Owler",
          "sanitized_number": "+16307354400"
        },
        "languages": [
          "English",
          "German",
          "French"
        ],
        "alexa_ranking": 589488,
        "phone": "+1 630-735-4400",
        "linkedin_uid": "339806",
        "founded_year": 2007,
        "publicly_traded_symbol": null,
        "publicly_traded_exchange": null,
        "logo_url": "https://zenprospect-production.s3.amazonaws.com/uploads/pictures/692d17db676b9b00015b75c8/picture",
        "crunchbase_url": null,
        "primary_domain": "accertify.com",
        "sic_codes": [
          "7375"
        ],
        "naics_codes": [
          "54151"
        ],
        "sanitized_phone": "+16307354400",
        "industry": "information technology & services",
        "estimated_num_employees": 820,
        "keywords": [
          "fraud management",
          "chargeback management",
          "payment gateway",
          "managed services",
          "professional services",
          "support services",
          "decision sciences",
          "machine learning",
          "behavioral analytics",
          "digital identity",
          "account takeover",
          "security",
          "credit cards",
          "fraud detection",
          "internet",
          "information technology",
          "software development",
          "transaction risk scoring",
          "user behavior analytics",
          "fraud detection for high-volume transactions",
          "risk management platform",
          "transaction monitoring",
          "tokenization",
          "e-commerce",
          "real-time decisioning",
          "innovation",
          "ai and machine learning",
          "risk signals monitoring",
          "e-commerce security",
          "community data signals",
          "customer journey security",
          "predictive fraud analytics",
          "community insights data",
          "operational efficiency",
          "deep expertise in fraud",
          "chargeback reduction",
          "gaming and betting fraud",
          "risk signal aggregation",
          "financial technology",
          "risk management",
          "online transaction security",
          "dynamic risk vectors",
          "risk management for airlines",
          "real-time fraud alerts",
          "b2b",
          "fraud pattern detection",
          "cybersecurity",
          "computer systems design and related services",
          "regulatory compliance",
          "financial services",
          "risk assessment",
          "multi-channel fraud detection",
          "retail",
          "adaptive risk models",
          "community insights",
          "community-driven fraud detection",
          "d2c",
          "customer authentication",
          "risk mitigation",
          "retail fraud prevention",
          "online fraud prevention",
          "digital risk solutions",
          "machine learning models",
          "multi-layered fraud strategy",
          "flexible risk controls",
          "dispute resolution",
          "identity verification",
          "fraud analytics",
          "security protocols",
          "customer experience",
          "digital identity verification",
          "account takeover protection",
          "ai model explainability",
          "artificial intelligence",
          "services",
          "sca compliance",
          "real-time analytics",
          "multi-industry risk solutions",
          "multi-layered security architecture",
          "fraud prevention",
          "ai-powered fraud detection",
          "travel",
          "adaptive fraud controls",
          "fraud scoring",
          "payment fraud",
          "payment security",
          "information technology and services",
          "risk signals",
          "b2c",
          "fraud prevention platform",
          "customer experience optimization",
          "api integration",
          "account protection",
          "payment optimization",
          "abuse protection",
          "multi-accounting fraud",
          "account takeover fraud",
          "fraudulent transactions",
          "ecommerce security",
          "data breaches",
          "policy automation",
          "reporting tools",
          "sca optimization",
          "compliance management",
          "dispute management",
          "self-managed solutions",
          "fully managed services",
          "return abuse prevention",
          "real-time risk decisioning",
          "customer identity verification",
          "seamless payment experience",
          "fraud risk strategy",
          "global payment solutions",
          "advisory services",
          "client success",
          "deep expertise",
          "predictive analytics",
          "risk management solutions",
          "fraud prevention technology",
          "flexible controls",
          "customer insights",
          "data-driven decisions",
          "financial transactions security",
          "consumer protection",
          "dynamic risk management",
          "chargeback process automation",
          "integration solutions",
          "scalable technology",
          "cross-border transactions",
          "transaction authorization",
          "finance",
          "consumer products & retail",
          "transportation & logistics",
          "professional training & coaching",
          "information technology & services",
          "computer & network security",
          "consumer internet",
          "consumers",
          "finance technology",
          "conflict resolution",
          "analytics",
          "enterprise software",
          "enterprises",
          "computer software"
        ],
        "organization_revenue_printed": "35.5M",
        "organization_revenue": 35500000.0,
        "industries": [
          "information technology & services",
          "internet",
          "computer & network security"
        ],
        "secondary_industries": [
          "internet",
          "computer & network security"
        ],
        "snippets_loaded": true,
        "industry_tag_id": "5567cd4773696439b10b0000",
        "industry_tag_hash": {
          "information technology & services": "5567cd4773696439b10b0000",
          "internet": "5567cd4d736964397e020000",
          "computer & network security": "5567cd877369644cf94b0000"
        },
        "retail_location_count": 0,
        "raw_address": "2 Pierce Place, Suite 900, Itasca, IL 60143, US",
        "street_address": "2 Pierce Place",
        "city": "Itasca",
        "state": "Illinois",
        "postal_code": "60143",
        "country": "United States",
        "organization_headcount_six_month_growth": null,
        "organization_headcount_twelve_month_growth": null,
        "organization_headcount_twenty_four_month_growth": null
      },
      "departments": [],
      "subdepartments": [],
      "seniority": null,
      "functions": [],
      "intent_strength": null,
      "show_intent": false,
      "email_domain_catchall": false,
      "revealed_for_current_team": true
    },
    {
      "id": "54a2d16c7468693fda77f63e",
      "first_name": "Matthew",
      "last_name": "Durdel",
      "name": "Matthew Durdel",
      "linkedin_url": "http://www.linkedin.com/in/matthewdurdel",
      "title": "Client Solutions Director",
      "email_status": "verified",
      "photo_url": "https://static.licdn.com/aero-v1/sc/h/9c8pery4andzj6ohjkjp54ma2",
      "twitter_url": null,
      "github_url": null,
      "facebook_url": null,
      "extrapolated_email_confidence": null,
      "headline": "Global Ecommerce Payments and Risk Professional",
      "email": "email_not_unlocked@domain.com",
      "organization_id": "54a126b069702d8cfc105f00",
      "street_address": "",
      "city": "Tulsa",
      "state": "Oklahoma",
      "country": "United States",
      "postal_code": null,
      "formatted_address": "Tulsa, OK, USA",
      "time_zone": "America/Chicago",
      "organization": {
        "id": "54a126b069702d8cfc105f00",
        "name": "Accertify, Inc.",
        "website_url": "http://www.accertify.com",
        "blog_url": null,
        "angellist_url": "http://angel.co/accertify",
        "linkedin_url": "http://www.linkedin.com/company/accertify-inc-",
        "twitter_url": "https://twitter.com/accertifyinc",
        "facebook_url": "https://facebook.com/accertifysolutions/",
        "primary_phone": {
          "number": "+1 630-735-4400",
          "source": "Owler",
          "sanitized_number": "+16307354400"
        },
        "languages": [
          "English",
          "German",
          "French"
        ],
        "alexa_ranking": 589488,
        "phone": "+1 630-735-4400",
        "linkedin_uid": "339806",
        "founded_year": 2007,
        "publicly_traded_symbol": null,
        "publicly_traded_exchange": null,
        "logo_url": "https://zenprospect-production.s3.amazonaws.com/uploads/pictures/692d17db676b9b00015b75c8/picture",
        "crunchbase_url": null,
        "primary_domain": "accertify.com",
        "sic_codes": [
          "7375"
        ],
        "naics_codes": [
          "54151"
        ],
        "sanitized_phone": "+16307354400",
        "industry": "information technology & services",
        "estimated_num_employees": 820,
        "keywords": [
          "fraud management",
          "chargeback management",
          "payment gateway",
          "managed services",
          "professional services",
          "support services",
          "decision sciences",
          "machine learning",
          "behavioral analytics",
          "digital identity",
          "account takeover",
          "security",
          "credit cards",
          "fraud detection",
          "internet",
          "information technology",
          "software development",
          "transaction risk scoring",
          "user behavior analytics",
          "fraud detection for high-volume transactions",
          "risk management platform",
          "transaction monitoring",
          "tokenization",
          "e-commerce",
          "real-time decisioning",
          "innovation",
          "ai and machine learning",
          "risk signals monitoring",
          "e-commerce security",
          "community data signals",
          "customer journey security",
          "predictive fraud analytics",
          "community insights data",
          "operational efficiency",
          "deep expertise in fraud",
          "chargeback reduction",
          "gaming and betting fraud",
          "risk signal aggregation",
          "financial technology",
          "risk management",
          "online transaction security",
          "dynamic risk vectors",
          "risk management for airlines",
          "real-time fraud alerts",
          "b2b",
          "fraud pattern detection",
          "cybersecurity",
          "computer systems design and related services",
          "regulatory compliance",
          "financial services",
          "risk assessment",
          "multi-channel fraud detection",
          "retail",
          "adaptive risk models",
          "community insights",
          "community-driven fraud detection",
          "d2c",
          "customer authentication",
          "risk mitigation",
          "retail fraud prevention",
          "online fraud prevention",
          "digital risk solutions",
          "machine learning models",
          "multi-layered fraud strategy",
          "flexible risk controls",
          "dispute resolution",
          "identity verification",
          "fraud analytics",
          "security protocols",
          "customer experience",
          "digital identity verification",
          "account takeover protection",
          "ai model explainability",
          "artificial intelligence",
          "services",
          "sca compliance",
          "real-time analytics",
          "multi-industry risk solutions",
          "multi-layered security architecture",
          "fraud prevention",
          "ai-powered fraud detection",
          "travel",
          "adaptive fraud controls",
          "fraud scoring",
          "payment fraud",
          "payment security",
          "information technology and services",
          "risk signals",
          "b2c",
          "fraud prevention platform",
          "customer experience optimization",
          "api integration",
          "account protection",
          "payment optimization",
          "abuse protection",
          "multi-accounting fraud",
          "account takeover fraud",
          "fraudulent transactions",
          "ecommerce security",
          "data breaches",
          "policy automation",
          "reporting tools",
          "sca optimization",
          "compliance management",
          "dispute management",
          "self-managed solutions",
          "fully managed services",
          "return abuse prevention",
          "real-time risk decisioning",
          "customer identity verification",
          "seamless payment experience",
          "fraud risk strategy",
          "global payment solutions",
          "advisory services",
          "client success",
          "deep expertise",
          "predictive analytics",
          "risk management solutions",
          "fraud prevention technology",
          "flexible controls",
          "customer insights",
          "data-driven decisions",
          "financial transactions security",
          "consumer protection",
          "dynamic risk management",
          "chargeback process automation",
          "integration solutions",
          "scalable technology",
          "cross-border transactions",
          "transaction authorization",
          "finance",
          "consumer products & retail",
          "transportation & logistics",
          "professional training & coaching",
          "information technology & services",
          "computer & network security",
          "consumer internet",
          "consumers",
          "finance technology",
          "conflict resolution",
          "analytics",
          "enterprise software",
          "enterprises",
          "computer software"
        ],
        "organization_revenue_printed": "35.5M",
        "organization_revenue": 35500000.0,
        "industries": [
          "information technology & services",
          "internet",
          "computer & network security"
        ],
        "secondary_industries": [
          "internet",
          "computer & network security"
        ],
        "snippets_loaded": true,
        "industry_tag_id": "5567cd4773696439b10b0000",
        "industry_tag_hash": {
          "information technology & services": "5567cd4773696439b10b0000",
          "internet": "5567cd4d736964397e020000",
          "computer & network security": "5567cd877369644cf94b0000"
        },
        "retail_location_count": 0,
        "raw_address": "2 Pierce Place, Suite 900, Itasca, IL 60143, US",
        "street_address": "2 Pierce Place",
        "city": "Itasca",
        "state": "Illinois",
        "postal_code": "60143",
        "country": "United States",
        "organization_headcount_six_month_growth": null,
        "organization_headcount_twelve_month_growth": null,
        "organization_headcount_twenty_four_month_growth": null
      },
      "departments": [],
      "subdepartments": [],
      "seniority": "director",
      "functions": [],
      "intent_strength": null,
      "show_intent": false,
      "email_domain_catchall": false,
      "revealed_for_current_team": true
    },
    {
      "id": "615287d50e9dbe0001e02a76",
      "first_name": "Astha",
      "last_name": "Gupta",
      "name": "Astha Gupta",
      "linkedin_url": "http://www.linkedin.com/in/astha-gupta-b943471b1",
      "title": "Senior Fraud Analyst",
      "email_status": "verified",
      "photo_url": "https://media.licdn.com/dms/image/v2/D5603AQE13jiM6JHUZw/profile-displayphoto-shrink_200_200/B56ZXg.bdTGcAY-/0/1743236218536?e=2147483647&v=beta&t=omHRV9ZIOq-uJ1SjLsvXV7gPF1n3pAoFNSdNpDm4yTo",
      "twitter_url": null,
      "github_url": null,
      "facebook_url": null,
      "extrapolated_email_confidence": null,
      "headline": "Sr. Fraud Analyst - Accertify | Ex-Genpact",
      "email": "email_not_unlocked@domain.com",
      "organization_id": "54a126b069702d8cfc105f00",
      "street_address": "",
      "city": "Gurugram",
      "state": "Haryana",
      "country": "India",
      "postal_code": null,
      "formatted_address": "Gurugram, Haryana, India",
      "time_zone": "Asia/Kolkata",
      "organization": {
        "id": "54a126b069702d8cfc105f00",
        "name": "Accertify, Inc.",
        "website_url": "http://www.accertify.com",
        "blog_url": null,
        "angellist_url": "http://angel.co/accertify",
        "linkedin_url": "http://www.linkedin.com/company/accertify-inc-",
        "twitter_url": "https://twitter.com/accertifyinc",
        "facebook_url": "https://facebook.com/accertifysolutions/",
        "primary_phone": {
          "number": "+1 630-735-4400",
          "source": "Owler",
          "sanitized_number": "+16307354400"
        },
        "languages": [
          "English",
          "German",
          "French"
        ],
        "alexa_ranking": 589488,
        "phone": "+1 630-735-4400",
        "linkedin_uid": "339806",
        "founded_year": 2007,
        "publicly_traded_symbol": null,
        "publicly_traded_exchange": null,
        "logo_url": "https://zenprospect-production.s3.amazonaws.com/uploads/pictures/692d17db676b9b00015b75c8/picture",
        "crunchbase_url": null,
        "primary_domain": "accertify.com",
        "sic_codes": [
          "7375"
        ],
        "naics_codes": [
          "54151"
        ],
        "sanitized_phone": "+16307354400",
        "industry": "information technology & services",
        "estimated_num_employees": 820,
        "keywords": [
          "fraud management",
          "chargeback management",
          "payment gateway",
          "managed services",
          "professional services",
          "support services",
          "decision sciences",
          "machine learning",
          "behavioral analytics",
          "digital identity",
          "account takeover",
          "security",
          "credit cards",
          "fraud detection",
          "internet",
          "information technology",
          "software development",
          "transaction risk scoring",
          "user behavior analytics",
          "fraud detection for high-volume transactions",
          "risk management platform",
          "transaction monitoring",
          "tokenization",
          "e-commerce",
          "real-time decisioning",
          "innovation",
          "ai and machine learning",
          "risk signals monitoring",
          "e-commerce security",
          "community data signals",
          "customer journey security",
          "predictive fraud analytics",
          "community insights data",
          "operational efficiency",
          "deep expertise in fraud",
          "chargeback reduction",
          "gaming and betting fraud",
          "risk signal aggregation",
          "financial technology",
          "risk management",
          "online transaction security",
          "dynamic risk vectors",
          "risk management for airlines",
          "real-time fraud alerts",
          "b2b",
          "fraud pattern detection",
          "cybersecurity",
          "computer systems design and related services",
          "regulatory compliance",
          "financial services",
          "risk assessment",
          "multi-channel fraud detection",
          "retail",
          "adaptive risk models",
          "community insights",
          "community-driven fraud detection",
          "d2c",
          "customer authentication",
          "risk mitigation",
          "retail fraud prevention",
          "online fraud prevention",
          "digital risk solutions",
          "machine learning models",
          "multi-layered fraud strategy",
          "flexible risk controls",
          "dispute resolution",
          "identity verification",
          "fraud analytics",
          "security protocols",
          "customer experience",
          "digital identity verification",
          "account takeover protection",
          "ai model explainability",
          "artificial intelligence",
          "services",
          "sca compliance",
          "real-time analytics",
          "multi-industry risk solutions",
          "multi-layered security architecture",
          "fraud prevention",
          "ai-powered fraud detection",
          "travel",
          "adaptive fraud controls",
          "fraud scoring",
          "payment fraud",
          "payment security",
          "information technology and services",
          "risk signals",
          "b2c",
          "fraud prevention platform",
          "customer experience optimization",
          "api integration",
          "account protection",
          "payment optimization",
          "abuse protection",
          "multi-accounting fraud",
          "account takeover fraud",
          "fraudulent transactions",
          "ecommerce security",
          "data breaches",
          "policy automation",
          "reporting tools",
          "sca optimization",
          "compliance management",
          "dispute management",
          "self-managed solutions",
          "fully managed services",
          "return abuse prevention",
          "real-time risk decisioning",
          "customer identity verification",
          "seamless payment experience",
          "fraud risk strategy",
          "global payment solutions",
          "advisory services",
          "client success",
          "deep expertise",
          "predictive analytics",
          "risk management solutions",
          "fraud prevention technology",
          "flexible controls",
          "customer insights",
          "data-driven decisions",
          "financial transactions security",
          "consumer protection",
          "dynamic risk management",
          "chargeback process automation",
          "integration solutions",
          "scalable technology",
          "cross-border transactions",
          "transaction authorization",
          "finance",
          "consumer products & retail",
          "transportation & logistics",
          "professional training & coaching",
          "information technology & services",
          "computer & network security",
          "consumer internet",
          "consumers",
          "finance technology",
          "conflict resolution",
          "analytics",
          "enterprise software",
          "enterprises",
          "computer software"
        ],
        "organization_revenue_printed": "35.5M",
        "organization_revenue": 35500000.0,
        "industries": [
          "information technology & services",
          "internet",
          "computer & network security"
        ],
        "secondary_industries": [
          "internet",
          "computer & network security"
        ],
        "snippets_loaded": true,
        "industry_tag_id": "5567cd4773696439b10b0000",
        "industry_tag_hash": {
          "information technology & services": "5567cd4773696439b10b0000",
          "internet": "5567cd4d736964397e020000",
          "computer & network security": "5567cd877369644cf94b0000"
        },
        "retail_location_count": 0,
        "raw_address": "2 Pierce Place, Suite 900, Itasca, IL 60143, US",
        "street_address": "2 Pierce Place",
        "city": "Itasca",
        "state": "Illinois",
        "postal_code": "60143",
        "country": "United States",
        "organization_headcount_six_month_growth": null,
        "organization_headcount_twelve_month_growth": null,
        "organization_headcount_twenty_four_month_growth": null
      },
      "departments": [],
      "subdepartments": [],
      "seniority": "senior",
      "functions": [],
      "intent_strength": null,
      "show_intent": false,
      "email_domain_catchall": false,
      "revealed_for_current_team": true
    },
    {
      "id": "63fca5797eef450001dbce3b",
      "first_name": "Hrishabh",
      "last_name": "Verma",
      "name": "Hrishabh Verma",
      "linkedin_url": "http://www.linkedin.com/in/hrishabh-verma-8b5602144",
      "title": "Operations Team Lead",
      "email_status": "verified",
      "photo_url": "https://media.licdn.com/dms/image/v2/D4D03AQG3sAoypcNB5A/profile-displayphoto-scale_200_200/B4DZqLjhkdGkAY-/0/1763277938586?e=2147483647&v=beta&t=0f9_h1YKb6Jc2uUGdOvM-0HE5Vl9YvS3Sy5oqdo5-aM",
      "twitter_url": null,
      "github_url": null,
      "facebook_url": null,
      "extrapolated_email_confidence": null,
      "headline": "Senior Fraud Analyst | 7+ Years in Risk Management, Compliance & Fraud Prevention | Expert in Fraud Investigation & Detection Optimization",
      "email": "email_not_unlocked@domain.com",
      "organization_id": "54a126b069702d8cfc105f00",
      "street_address": "",
      "city": "Gurugram",
      "state": "Haryana",
      "country": "India",
      "postal_code": null,
      "formatted_address": "Gurugram, Haryana, India",
      "time_zone": "Asia/Kolkata",
      "organization": {
        "id": "54a126b069702d8cfc105f00",
        "name": "Accertify, Inc.",
        "website_url": "http://www.accertify.com",
        "blog_url": null,
        "angellist_url": "http://angel.co/accertify",
        "linkedin_url": "http://www.linkedin.com/company/accertify-inc-",
        "twitter_url": "https://twitter.com/accertifyinc",
        "facebook_url": "https://facebook.com/accertifysolutions/",
        "primary_phone": {
          "number": "+1 630-735-4400",
          "source": "Owler",
          "sanitized_number": "+16307354400"
        },
        "languages": [
          "English",
          "German",
          "French"
        ],
        "alexa_ranking": 589488,
        "phone": "+1 630-735-4400",
        "linkedin_uid": "339806",
        "founded_year": 2007,
        "publicly_traded_symbol": null,
        "publicly_traded_exchange": null,
        "logo_url": "https://zenprospect-production.s3.amazonaws.com/uploads/pictures/692d17db676b9b00015b75c8/picture",
        "crunchbase_url": null,
        "primary_domain": "accertify.com",
        "sic_codes": [
          "7375"
        ],
        "naics_codes": [
          "54151"
        ],
        "sanitized_phone": "+16307354400",
        "industry": "information technology & services",
        "estimated_num_employees": 820,
        "keywords": [
          "fraud management",
          "chargeback management",
          "payment gateway",
          "managed services",
          "professional services",
          "support services",
          "decision sciences",
          "machine learning",
          "behavioral analytics",
          "digital identity",
          "account takeover",
          "security",
          "credit cards",
          "fraud detection",
          "internet",
          "information technology",
          "software development",
          "transaction risk scoring",
          "user behavior analytics",
          "fraud detection for high-volume transactions",
          "risk management platform",
          "transaction monitoring",
          "tokenization",
          "e-commerce",
          "real-time decisioning",
          "innovation",
          "ai and machine learning",
          "risk signals monitoring",
          "e-commerce security",
          "community data signals",
          "customer journey security",
          "predictive fraud analytics",
          "community insights data",
          "operational efficiency",
          "deep expertise in fraud",
          "chargeback reduction",
          "gaming and betting fraud",
          "risk signal aggregation",
          "financial technology",
          "risk management",
          "online transaction security",
          "dynamic risk vectors",
          "risk management for airlines",
          "real-time fraud alerts",
          "b2b",
          "fraud pattern detection",
          "cybersecurity",
          "computer systems design and related services",
          "regulatory compliance",
          "financial services",
          "risk assessment",
          "multi-channel fraud detection",
          "retail",
          "adaptive risk models",
          "community insights",
          "community-driven fraud detection",
          "d2c",
          "customer authentication",
          "risk mitigation",
          "retail fraud prevention",
          "online fraud prevention",
          "digital risk solutions",
          "machine learning models",
          "multi-layered fraud strategy",
          "flexible risk controls",
          "dispute resolution",
          "identity verification",
          "fraud analytics",
          "security protocols",
          "customer experience",
          "digital identity verification",
          "account takeover protection",
          "ai model explainability",
          "artificial intelligence",
          "services",
          "sca compliance",
          "real-time analytics",
          "multi-industry risk solutions",
          "multi-layered security architecture",
          "fraud prevention",
          "ai-powered fraud detection",
          "travel",
          "adaptive fraud controls",
          "fraud scoring",
          "payment fraud",
          "payment security",
          "information technology and services",
          "risk signals",
          "b2c",
          "fraud prevention platform",
          "customer experience optimization",
          "api integration",
          "account protection",
          "payment optimization",
          "abuse protection",
          "multi-accounting fraud",
          "account takeover fraud",
          "fraudulent transactions",
          "ecommerce security",
          "data breaches",
          "policy automation",
          "reporting tools",
          "sca optimization",
          "compliance management",
          "dispute management",
          "self-managed solutions",
          "fully managed services",
          "return abuse prevention",
          "real-time risk decisioning",
          "customer identity verification",
          "seamless payment experience",
          "fraud risk strategy",
          "global payment solutions",
          "advisory services",
          "client success",
          "deep expertise",
          "predictive analytics",
          "risk management solutions",
          "fraud prevention technology",
          "flexible controls",
          "customer insights",
          "data-driven decisions",
          "financial transactions security",
          "consumer protection",
          "dynamic risk management",
          "chargeback process automation",
          "integration solutions",
          "scalable technology",
          "cross-border transactions",
          "transaction authorization",
          "finance",
          "consumer products & retail",
          "transportation & logistics",
          "professional training & coaching",
          "information technology & services",
          "computer & network security",
          "consumer internet",
          "consumers",
          "finance technology",
          "conflict resolution",
          "analytics",
          "enterprise software",
          "enterprises",
          "computer software"
        ],
        "organization_revenue_printed": "35.5M",
        "organization_revenue": 35500000.0,
        "industries": [
          "information technology & services",
          "internet",
          "computer & network security"
        ],
        "secondary_industries": [
          "internet",
          "computer & network security"
        ],
        "snippets_loaded": true,
        "industry_tag_id": "5567cd4773696439b10b0000",
        "industry_tag_hash": {
          "information technology & services": "5567cd4773696439b10b0000",
          "internet": "5567cd4d736964397e020000",
          "computer & network security": "5567cd877369644cf94b0000"
        },
        "retail_location_count": 0,
        "raw_address": "2 Pierce Place, Suite 900, Itasca, IL 60143, US",
        "street_address": "2 Pierce Place",
        "city": "Itasca",
        "state": "Illinois",
        "postal_code": "60143",
        "country": "United States",
        "organization_headcount_six_month_growth": null,
        "organization_headcount_twelve_month_growth": null,
        "organization_headcount_twenty_four_month_growth": null
      },
      "departments": [
        "master_operations"
      ],
      "subdepartments": [
        "operations"
      ],
      "seniority": "manager",
      "functions": [
        "operations"
      ],
      "intent_strength": null,
      "show_intent": false,
      "email_domain_catchall": false,
      "revealed_for_current_team": true
    },
    {
      "id": "60813b5b17250d000157b61e",
      "first_name": "Abel",
      "last_name": "Solorio",
      "name": "Abel Solorio",
      "linkedin_url": "http://www.linkedin.com/in/abel-solorio-583468a",
      "title": "Project Manager, Onboarding - Dispute Management",
      "email_status": "verified",
      "photo_url": "https://media.licdn.com/dms/image/v2/C5603AQEYak_oejgm_Q/profile-displayphoto-shrink_200_200/profile-displayphoto-shrink_200_200/0/1517691148256?e=2147483647&v=beta&t=grlQ3_1066fKFimaENsixiJg3ZmKAaNBCNlU8UbmZmE",
      "twitter_url": null,
      "github_url": null,
      "facebook_url": null,
      "extrapolated_email_confidence": null,
      "headline": "FacingHD",
      "email": "email_not_unlocked@domain.com",
      "organization_id": "54a126b069702d8cfc105f00",
      "street_address": "",
      "city": "Chicago",
      "state": "Illinois",
      "country": "United States",
      "postal_code": null,
      "formatted_address": "Chicago, IL, USA",
      "time_zone": "America/Chicago",
      "organization": {
        "id": "54a126b069702d8cfc105f00",
        "name": "Accertify, Inc.",
        "website_url": "http://www.accertify.com",
        "blog_url": null,
        "angellist_url": "http://angel.co/accertify",
        "linkedin_url": "http://www.linkedin.com/company/accertify-inc-",
        "twitter_url": "https://twitter.com/accertifyinc",
        "facebook_url": "https://facebook.com/accertifysolutions/",
        "primary_phone": {
          "number": "+1 630-735-4400",
          "source": "Owler",
          "sanitized_number": "+16307354400"
        },
        "languages": [
          "English",
          "German",
          "French"
        ],
        "alexa_ranking": 589488,
        "phone": "+1 630-735-4400",
        "linkedin_uid": "339806",
        "founded_year": 2007,
        "publicly_traded_symbol": null,
        "publicly_traded_exchange": null,
        "logo_url": "https://zenprospect-production.s3.amazonaws.com/uploads/pictures/692d17db676b9b00015b75c8/picture",
        "crunchbase_url": null,
        "primary_domain": "accertify.com",
        "sic_codes": [
          "7375"
        ],
        "naics_codes": [
          "54151"
        ],
        "sanitized_phone": "+16307354400",
        "industry": "information technology & services",
        "estimated_num_employees": 820,
        "keywords": [
          "fraud management",
          "chargeback management",
          "payment gateway",
          "managed services",
          "professional services",
          "support services",
          "decision sciences",
          "machine learning",
          "behavioral analytics",
          "digital identity",
          "account takeover",
          "security",
          "credit cards",
          "fraud detection",
          "internet",
          "information technology",
          "software development",
          "transaction risk scoring",
          "user behavior analytics",
          "fraud detection for high-volume transactions",
          "risk management platform",
          "transaction monitoring",
          "tokenization",
          "e-commerce",
          "real-time decisioning",
          "innovation",
          "ai and machine learning",
          "risk signals monitoring",
          "e-commerce security",
          "community data signals",
          "customer journey security",
          "predictive fraud analytics",
          "community insights data",
          "operational efficiency",
          "deep expertise in fraud",
          "chargeback reduction",
          "gaming and betting fraud",
          "risk signal aggregation",
          "financial technology",
          "risk management",
          "online transaction security",
          "dynamic risk vectors",
          "risk management for airlines",
          "real-time fraud alerts",
          "b2b",
          "fraud pattern detection",
          "cybersecurity",
          "computer systems design and related services",
          "regulatory compliance",
          "financial services",
          "risk assessment",
          "multi-channel fraud detection",
          "retail",
          "adaptive risk models",
          "community insights",
          "community-driven fraud detection",
          "d2c",
          "customer authentication",
          "risk mitigation",
          "retail fraud prevention",
          "online fraud prevention",
          "digital risk solutions",
          "machine learning models",
          "multi-layered fraud strategy",
          "flexible risk controls",
          "dispute resolution",
          "identity verification",
          "fraud analytics",
          "security protocols",
          "customer experience",
          "digital identity verification",
          "account takeover protection",
          "ai model explainability",
          "artificial intelligence",
          "services",
          "sca compliance",
          "real-time analytics",
          "multi-industry risk solutions",
          "multi-layered security architecture",
          "fraud prevention",
          "ai-powered fraud detection",
          "travel",
          "adaptive fraud controls",
          "fraud scoring",
          "payment fraud",
          "payment security",
          "information technology and services",
          "risk signals",
          "b2c",
          "fraud prevention platform",
          "customer experience optimization",
          "api integration",
          "account protection",
          "payment optimization",
          "abuse protection",
          "multi-accounting fraud",
          "account takeover fraud",
          "fraudulent transactions",
          "ecommerce security",
          "data breaches",
          "policy automation",
          "reporting tools",
          "sca optimization",
          "compliance management",
          "dispute management",
          "self-managed solutions",
          "fully managed services",
          "return abuse prevention",
          "real-time risk decisioning",
          "customer identity verification",
          "seamless payment experience",
          "fraud risk strategy",
          "global payment solutions",
          "advisory services",
          "client success",
          "deep expertise",
          "predictive analytics",
          "risk management solutions",
          "fraud prevention technology",
          "flexible controls",
          "customer insights",
          "data-driven decisions",
          "financial transactions security",
          "consumer protection",
          "dynamic risk management",
          "chargeback process automation",
          "integration solutions",
          "scalable technology",
          "cross-border transactions",
          "transaction authorization",
          "finance",
          "consumer products & retail",
          "transportation & logistics",
          "professional training & coaching",
          "information technology & services",
          "computer & network security",
          "consumer internet",
          "consumers",
          "finance technology",
          "conflict resolution",
          "analytics",
          "enterprise software",
          "enterprises",
          "computer software"
        ],
        "organization_revenue_printed": "35.5M",
        "organization_revenue": 35500000.0,
        "industries": [
          "information technology & services",
          "internet",
          "computer & network security"
        ],
        "secondary_industries": [
          "internet",
          "computer & network security"
        ],
        "snippets_loaded": true,
        "industry_tag_id": "5567cd4773696439b10b0000",
        "industry_tag_hash": {
          "information technology & services": "5567cd4773696439b10b0000",
          "internet": "5567cd4d736964397e020000",
          "computer & network security": "5567cd877369644cf94b0000"
        },
        "retail_location_count": 0,
        "raw_address": "2 Pierce Place, Suite 900, Itasca, IL 60143, US",
        "street_address": "2 Pierce Place",
        "city": "Itasca",
        "state": "Illinois",
        "postal_code": "60143",
        "country": "United States",
        "organization_headcount_six_month_growth": null,
        "organization_headcount_twelve_month_growth": null,
        "organization_headcount_twenty_four_month_growth": null
      },
      "departments": [
        "master_engineering_technical"
      ],
      "subdepartments": [
        "project_management"
      ],
      "seniority": "manager",
      "functions": [],
      "intent_strength": null,
      "show_intent": false,
      "email_domain_catchall": false,
      "revealed_for_current_team": true
    },
    {
      "id": "56b1391cf3e5bb6114000271",
      "first_name": "Jonathan",
      "last_name": "Chiou",
      "name": "Jonathan Chiou",
      "linkedin_url": "http://www.linkedin.com/in/jonathanchiou",
      "title": "Product Manager",
      "email_status": "verified",
      "photo_url": "https://media.licdn.com/dms/image/v2/D5603AQFZx2wkmE8fyw/profile-displayphoto-shrink_200_200/B56Zc40AdYGQAY-/0/1749004847537?e=2147483647&v=beta&t=37dYmbT6YzB6zPo17CtmCzPBngki4aSD-Uo-S7g6xI0",
      "twitter_url": null,
      "github_url": null,
      "facebook_url": null,
      "extrapolated_email_confidence": null,
      "headline": null,
      "email": "email_not_unlocked@domain.com",
      "organization_id": "54a126b069702d8cfc105f00",
      "street_address": "",
      "city": "Chicago",
      "state": "Illinois",
      "country": "United States",
      "postal_code": null,
      "formatted_address": "Chicago, IL, USA",
      "time_zone": "America/Chicago",
      "organization": {
        "id": "54a126b069702d8cfc105f00",
        "name": "Accertify, Inc.",
        "website_url": "http://www.accertify.com",
        "blog_url": null,
        "angellist_url": "http://angel.co/accertify",
        "linkedin_url": "http://www.linkedin.com/company/accertify-inc-",
        "twitter_url": "https://twitter.com/accertifyinc",
        "facebook_url": "https://facebook.com/accertifysolutions/",
        "primary_phone": {
          "number": "+1 630-735-4400",
          "source": "Owler",
          "sanitized_number": "+16307354400"
        },
        "languages": [
          "English",
          "German",
          "French"
        ],
        "alexa_ranking": 589488,
        "phone": "+1 630-735-4400",
        "linkedin_uid": "339806",
        "founded_year": 2007,
        "publicly_traded_symbol": null,
        "publicly_traded_exchange": null,
        "logo_url": "https://zenprospect-production.s3.amazonaws.com/uploads/pictures/692d17db676b9b00015b75c8/picture",
        "crunchbase_url": null,
        "primary_domain": "accertify.com",
        "sic_codes": [
          "7375"
        ],
        "naics_codes": [
          "54151"
        ],
        "sanitized_phone": "+16307354400",
        "industry": "information technology & services",
        "estimated_num_employees": 820,
        "keywords": [
          "fraud management",
          "chargeback management",
          "payment gateway",
          "managed services",
          "professional services",
          "support services",
          "decision sciences",
          "machine learning",
          "behavioral analytics",
          "digital identity",
          "account takeover",
          "security",
          "credit cards",
          "fraud detection",
          "internet",
          "information technology",
          "software development",
          "transaction risk scoring",
          "user behavior analytics",
          "fraud detection for high-volume transactions",
          "risk management platform",
          "transaction monitoring",
          "tokenization",
          "e-commerce",
          "real-time decisioning",
          "innovation",
          "ai and machine learning",
          "risk signals monitoring",
          "e-commerce security",
          "community data signals",
          "customer journey security",
          "predictive fraud analytics",
          "community insights data",
          "operational efficiency",
          "deep expertise in fraud",
          "chargeback reduction",
          "gaming and betting fraud",
          "risk signal aggregation",
          "financial technology",
          "risk management",
          "online transaction security",
          "dynamic risk vectors",
          "risk management for airlines",
          "real-time fraud alerts",
          "b2b",
          "fraud pattern detection",
          "cybersecurity",
          "computer systems design and related services",
          "regulatory compliance",
          "financial services",
          "risk assessment",
          "multi-channel fraud detection",
          "retail",
          "adaptive risk models",
          "community insights",
          "community-driven fraud detection",
          "d2c",
          "customer authentication",
          "risk mitigation",
          "retail fraud prevention",
          "online fraud prevention",
          "digital risk solutions",
          "machine learning models",
          "multi-layered fraud strategy",
          "flexible risk controls",
          "dispute resolution",
          "identity verification",
          "fraud analytics",
          "security protocols",
          "customer experience",
          "digital identity verification",
          "account takeover protection",
          "ai model explainability",
          "artificial intelligence",
          "services",
          "sca compliance",
          "real-time analytics",
          "multi-industry risk solutions",
          "multi-layered security architecture",
          "fraud prevention",
          "ai-powered fraud detection",
          "travel",
          "adaptive fraud controls",
          "fraud scoring",
          "payment fraud",
          "payment security",
          "information technology and services",
          "risk signals",
          "b2c",
          "fraud prevention platform",
          "customer experience optimization",
          "api integration",
          "account protection",
          "payment optimization",
          "abuse protection",
          "multi-accounting fraud",
          "account takeover fraud",
          "fraudulent transactions",
          "ecommerce security",
          "data breaches",
          "policy automation",
          "reporting tools",
          "sca optimization",
          "compliance management",
          "dispute management",
          "self-managed solutions",
          "fully managed services",
          "return abuse prevention",
          "real-time risk decisioning",
          "customer identity verification",
          "seamless payment experience",
          "fraud risk strategy",
          "global payment solutions",
          "advisory services",
          "client success",
          "deep expertise",
          "predictive analytics",
          "risk management solutions",
          "fraud prevention technology",
          "flexible controls",
          "customer insights",
          "data-driven decisions",
          "financial transactions security",
          "consumer protection",
          "dynamic risk management",
          "chargeback process automation",
          "integration solutions",
          "scalable technology",
          "cross-border transactions",
          "transaction authorization",
          "finance",
          "consumer products & retail",
          "transportation & logistics",
          "professional training & coaching",
          "information technology & services",
          "computer & network security",
          "consumer internet",
          "consumers",
          "finance technology",
          "conflict resolution",
          "analytics",
          "enterprise software",
          "enterprises",
          "computer software"
        ],
        "organization_revenue_printed": "35.5M",
        "organization_revenue": 35500000.0,
        "industries": [
          "information technology & services",
          "internet",
          "computer & network security"
        ],
        "secondary_industries": [
          "internet",
          "computer & network security"
        ],
        "snippets_loaded": true,
        "industry_tag_id": "5567cd4773696439b10b0000",
        "industry_tag_hash": {
          "information technology & services": "5567cd4773696439b10b0000",
          "internet": "5567cd4d736964397e020000",
          "computer & network security": "5567cd877369644cf94b0000"
        },
        "retail_location_count": 0,
        "raw_address": "2 Pierce Place, Suite 900, Itasca, IL 60143, US",
        "street_address": "2 Pierce Place",
        "city": "Itasca",
        "state": "Illinois",
        "postal_code": "60143",
        "country": "United States",
        "organization_headcount_six_month_growth": null,
        "organization_headcount_twelve_month_growth": null,
        "organization_headcount_twenty_four_month_growth": null
      },
      "departments": [
        "product_management"
      ],
      "subdepartments": [
        "product_mangement"
      ],
      "seniority": "manager",
      "functions": [
        "product_management"
      ],
      "intent_strength": null,
      "show_intent": false,
      "email_domain_catchall": false,
      "revealed_for_current_team": true
    },
    {
      "id": "5f5e20f88cfad70001448998",
      "first_name": "Parul",
      "last_name": "Tiwari",
      "name": "Parul Tiwari",
      "linkedin_url": "http://www.linkedin.com/in/parul-tiwari-b36296152",
      "title": "Team Lead",
      "email_status": "verified",
      "photo_url": "https://media.licdn.com/dms/image/v2/D5603AQG9QjLT-vqWOQ/profile-displayphoto-shrink_200_200/profile-displayphoto-shrink_200_200/0/1710224758877?e=2147483647&v=beta&t=ei21gHs0cZZpX2cO2zdNzSmJ2C0SFX086snSwF7h5tg",
      "twitter_url": null,
      "github_url": null,
      "facebook_url": null,
      "extrapolated_email_confidence": null,
      "headline": "Team Lead - SRS @Accertify",
      "email": "email_not_unlocked@domain.com",
      "organization_id": "54a126b069702d8cfc105f00",
      "street_address": "",
      "city": "New Delhi",
      "state": "Delhi",
      "country": "India",
      "postal_code": null,
      "formatted_address": "Delhi, India",
      "time_zone": "Asia/Kolkata",
      "organization": {
        "id": "54a126b069702d8cfc105f00",
        "name": "Accertify, Inc.",
        "website_url": "http://www.accertify.com",
        "blog_url": null,
        "angellist_url": "http://angel.co/accertify",
        "linkedin_url": "http://www.linkedin.com/company/accertify-inc-",
        "twitter_url": "https://twitter.com/accertifyinc",
        "facebook_url": "https://facebook.com/accertifysolutions/",
        "primary_phone": {
          "number": "+1 630-735-4400",
          "source": "Owler",
          "sanitized_number": "+16307354400"
        },
        "languages": [
          "English",
          "German",
          "French"
        ],
        "alexa_ranking": 589488,
        "phone": "+1 630-735-4400",
        "linkedin_uid": "339806",
        "founded_year": 2007,
        "publicly_traded_symbol": null,
        "publicly_traded_exchange": null,
        "logo_url": "https://zenprospect-production.s3.amazonaws.com/uploads/pictures/692d17db676b9b00015b75c8/picture",
        "crunchbase_url": null,
        "primary_domain": "accertify.com",
        "sic_codes": [
          "7375"
        ],
        "naics_codes": [
          "54151"
        ],
        "sanitized_phone": "+16307354400",
        "industry": "information technology & services",
        "estimated_num_employees": 820,
        "keywords": [
          "fraud management",
          "chargeback management",
          "payment gateway",
          "managed services",
          "professional services",
          "support services",
          "decision sciences",
          "machine learning",
          "behavioral analytics",
          "digital identity",
          "account takeover",
          "security",
          "credit cards",
          "fraud detection",
          "internet",
          "information technology",
          "software development",
          "transaction risk scoring",
          "user behavior analytics",
          "fraud detection for high-volume transactions",
          "risk management platform",
          "transaction monitoring",
          "tokenization",
          "e-commerce",
          "real-time decisioning",
          "innovation",
          "ai and machine learning",
          "risk signals monitoring",
          "e-commerce security",
          "community data signals",
          "customer journey security",
          "predictive fraud analytics",
          "community insights data",
          "operational efficiency",
          "deep expertise in fraud",
          "chargeback reduction",
          "gaming and betting fraud",
          "risk signal aggregation",
          "financial technology",
          "risk management",
          "online transaction security",
          "dynamic risk vectors",
          "risk management for airlines",
          "real-time fraud alerts",
          "b2b",
          "fraud pattern detection",
          "cybersecurity",
          "computer systems design and related services",
          "regulatory compliance",
          "financial services",
          "risk assessment",
          "multi-channel fraud detection",
          "retail",
          "adaptive risk models",
          "community insights",
          "community-driven fraud detection",
          "d2c",
          "customer authentication",
          "risk mitigation",
          "retail fraud prevention",
          "online fraud prevention",
          "digital risk solutions",
          "machine learning models",
          "multi-layered fraud strategy",
          "flexible risk controls",
          "dispute resolution",
          "identity verification",
          "fraud analytics",
          "security protocols",
          "customer experience",
          "digital identity verification",
          "account takeover protection",
          "ai model explainability",
          "artificial intelligence",
          "services",
          "sca compliance",
          "real-time analytics",
          "multi-industry risk solutions",
          "multi-layered security architecture",
          "fraud prevention",
          "ai-powered fraud detection",
          "travel",
          "adaptive fraud controls",
          "fraud scoring",
          "payment fraud",
          "payment security",
          "information technology and services",
          "risk signals",
          "b2c",
          "fraud prevention platform",
          "customer experience optimization",
          "api integration",
          "account protection",
          "payment optimization",
          "abuse protection",
          "multi-accounting fraud",
          "account takeover fraud",
          "fraudulent transactions",
          "ecommerce security",
          "data breaches",
          "policy automation",
          "reporting tools",
          "sca optimization",
          "compliance management",
          "dispute management",
          "self-managed solutions",
          "fully managed services",
          "return abuse prevention",
          "real-time risk decisioning",
          "customer identity verification",
          "seamless payment experience",
          "fraud risk strategy",
          "global payment solutions",
          "advisory services",
          "client success",
          "deep expertise",
          "predictive analytics",
          "risk management solutions",
          "fraud prevention technology",
          "flexible controls",
          "customer insights",
          "data-driven decisions",
          "financial transactions security",
          "consumer protection",
          "dynamic risk management",
          "chargeback process automation",
          "integration solutions",
          "scalable technology",
          "cross-border transactions",
          "transaction authorization",
          "finance",
          "consumer products & retail",
          "transportation & logistics",
          "professional training & coaching",
          "information technology & services",
          "computer & network security",
          "consumer internet",
          "consumers",
          "finance technology",
          "conflict resolution",
          "analytics",
          "enterprise software",
          "enterprises",
          "computer software"
        ],
        "organization_revenue_printed": "35.5M",
        "organization_revenue": 35500000.0,
        "industries": [
          "information technology & services",
          "internet",
          "computer & network security"
        ],
        "secondary_industries": [
          "internet",
          "computer & network security"
        ],
        "snippets_loaded": true,
        "industry_tag_id": "5567cd4773696439b10b0000",
        "industry_tag_hash": {
          "information technology & services": "5567cd4773696439b10b0000",
          "internet": "5567cd4d736964397e020000",
          "computer & network security": "5567cd877369644cf94b0000"
        },
        "retail_location_count": 0,
        "raw_address": "2 Pierce Place, Suite 900, Itasca, IL 60143, US",
        "street_address": "2 Pierce Place",
        "city": "Itasca",
        "state": "Illinois",
        "postal_code": "60143",
        "country": "United States",
        "organization_headcount_six_month_growth": null,
        "organization_headcount_twelve_month_growth": null,
        "organization_headcount_twenty_four_month_growth": null
      },
      "departments": [],
      "subdepartments": [],
      "seniority": "manager",
      "functions": [],
      "intent_strength": null,
      "show_intent": false,
      "email_domain_catchall": false,
      "revealed_for_current_team": true
    },
    {
      "id": "687603ea7bb8840001b723b7",
      "first_name": "Amit",
      "last_name": "Kumar",
      "name": "Amit Kumar",
      "linkedin_url": "http://www.linkedin.com/in/akumar1",
      "title": "Senior Director",
      "email_status": "verified",
      "photo_url": "https://media.licdn.com/dms/image/v2/C5603AQFlpT0Fqwse1A/profile-displayphoto-shrink_200_200/profile-displayphoto-shrink_200_200/0/1516322094878?e=2147483647&v=beta&t=nGNo3hygLvd1HQJj4ksN1vrh9E8Yqo4Gm405Zky6s4Y",
      "twitter_url": null,
      "github_url": null,
      "facebook_url": null,
      "extrapolated_email_confidence": null,
      "headline": "Senior Director - Data Science",
      "email": "email_not_unlocked@domain.com",
      "organization_id": "54a126b069702d8cfc105f00",
      "street_address": "",
      "city": "Gurugram",
      "state": "Haryana",
      "country": "India",
      "postal_code": null,
      "formatted_address": "Gurugram, Haryana, India",
      "time_zone": "Asia/Kolkata",
      "organization": {
        "id": "54a126b069702d8cfc105f00",
        "name": "Accertify, Inc.",
        "website_url": "http://www.accertify.com",
        "blog_url": null,
        "angellist_url": "http://angel.co/accertify",
        "linkedin_url": "http://www.linkedin.com/company/accertify-inc-",
        "twitter_url": "https://twitter.com/accertifyinc",
        "facebook_url": "https://facebook.com/accertifysolutions/",
        "primary_phone": {
          "number": "+1 630-735-4400",
          "source": "Owler",
          "sanitized_number": "+16307354400"
        },
        "languages": [
          "English",
          "German",
          "French"
        ],
        "alexa_ranking": 589488,
        "phone": "+1 630-735-4400",
        "linkedin_uid": "339806",
        "founded_year": 2007,
        "publicly_traded_symbol": null,
        "publicly_traded_exchange": null,
        "logo_url": "https://zenprospect-production.s3.amazonaws.com/uploads/pictures/692d17db676b9b00015b75c8/picture",
        "crunchbase_url": null,
        "primary_domain": "accertify.com",
        "sic_codes": [
          "7375"
        ],
        "naics_codes": [
          "54151"
        ],
        "sanitized_phone": "+16307354400",
        "industry": "information technology & services",
        "estimated_num_employees": 820,
        "keywords": [
          "fraud management",
          "chargeback management",
          "payment gateway",
          "managed services",
          "professional services",
          "support services",
          "decision sciences",
          "machine learning",
          "behavioral analytics",
          "digital identity",
          "account takeover",
          "security",
          "credit cards",
          "fraud detection",
          "internet",
          "information technology",
          "software development",
          "transaction risk scoring",
          "user behavior analytics",
          "fraud detection for high-volume transactions",
          "risk management platform",
          "transaction monitoring",
          "tokenization",
          "e-commerce",
          "real-time decisioning",
          "innovation",
          "ai and machine learning",
          "risk signals monitoring",
          "e-commerce security",
          "community data signals",
          "customer journey security",
          "predictive fraud analytics",
          "community insights data",
          "operational efficiency",
          "deep expertise in fraud",
          "chargeback reduction",
          "gaming and betting fraud",
          "risk signal aggregation",
          "financial technology",
          "risk management",
          "online transaction security",
          "dynamic risk vectors",
          "risk management for airlines",
          "real-time fraud alerts",
          "b2b",
          "fraud pattern detection",
          "cybersecurity",
          "computer systems design and related services",
          "regulatory compliance",
          "financial services",
          "risk assessment",
          "multi-channel fraud detection",
          "retail",
          "adaptive risk models",
          "community insights",
          "community-driven fraud detection",
          "d2c",
          "customer authentication",
          "risk mitigation",
          "retail fraud prevention",
          "online fraud prevention",
          "digital risk solutions",
          "machine learning models",
          "multi-layered fraud strategy",
          "flexible risk controls",
          "dispute resolution",
          "identity verification",
          "fraud analytics",
          "security protocols",
          "customer experience",
          "digital identity verification",
          "account takeover protection",
          "ai model explainability",
          "artificial intelligence",
          "services",
          "sca compliance",
          "real-time analytics",
          "multi-industry risk solutions",
          "multi-layered security architecture",
          "fraud prevention",
          "ai-powered fraud detection",
          "travel",
          "adaptive fraud controls",
          "fraud scoring",
          "payment fraud",
          "payment security",
          "information technology and services",
          "risk signals",
          "b2c",
          "fraud prevention platform",
          "customer experience optimization",
          "api integration",
          "account protection",
          "payment optimization",
          "abuse protection",
          "multi-accounting fraud",
          "account takeover fraud",
          "fraudulent transactions",
          "ecommerce security",
          "data breaches",
          "policy automation",
          "reporting tools",
          "sca optimization",
          "compliance management",
          "dispute management",
          "self-managed solutions",
          "fully managed services",
          "return abuse prevention",
          "real-time risk decisioning",
          "customer identity verification",
          "seamless payment experience",
          "fraud risk strategy",
          "global payment solutions",
          "advisory services",
          "client success",
          "deep expertise",
          "predictive analytics",
          "risk management solutions",
          "fraud prevention technology",
          "flexible controls",
          "customer insights",
          "data-driven decisions",
          "financial transactions security",
          "consumer protection",
          "dynamic risk management",
          "chargeback process automation",
          "integration solutions",
          "scalable technology",
          "cross-border transactions",
          "transaction authorization",
          "finance",
          "consumer products & retail",
          "transportation & logistics",
          "professional training & coaching",
          "information technology & services",
          "computer & network security",
          "consumer internet",
          "consumers",
          "finance technology",
          "conflict resolution",
          "analytics",
          "enterprise software",
          "enterprises",
          "computer software"
        ],
        "organization_revenue_printed": "35.5M",
        "organization_revenue": 35500000.0,
        "industries": [
          "information technology & services",
          "internet",
          "computer & network security"
        ],
        "secondary_industries": [
          "internet",
          "computer & network security"
        ],
        "snippets_loaded": true,
        "industry_tag_id": "5567cd4773696439b10b0000",
        "industry_tag_hash": {
          "information technology & services": "5567cd4773696439b10b0000",
          "internet": "5567cd4d736964397e020000",
          "computer & network security": "5567cd877369644cf94b0000"
        },
        "retail_location_count": 0,
        "raw_address": "2 Pierce Place, Suite 900, Itasca, IL 60143, US",
        "street_address": "2 Pierce Place",
        "city": "Itasca",
        "state": "Illinois",
        "postal_code": "60143",
        "country": "United States",
        "organization_headcount_six_month_growth": null,
        "organization_headcount_twelve_month_growth": null,
        "organization_headcount_twenty_four_month_growth": null
      },
      "departments": [],
      "subdepartments": [],
      "seniority": "director",
      "functions": [],
      "intent_strength": null,
      "show_intent": false,
      "email_domain_catchall": false,
      "revealed_for_current_team": true
    },
    {
      "id": "6253d9f26d6e990001e90d27",
      "first_name": "Bhavneet",
      "last_name": "Chaddha",
      "name": "Bhavneet Chaddha",
      "linkedin_url": "http://www.linkedin.com/in/bhavneet-chaddha-07919919a",
      "title": "Team Lead",
      "email_status": "verified",
      "photo_url": "https://static.licdn.com/aero-v1/sc/h/9c8pery4andzj6ohjkjp54ma2",
      "twitter_url": null,
      "github_url": null,
      "facebook_url": null,
      "extrapolated_email_confidence": null,
      "headline": null,
      "email": "email_not_unlocked@domain.com",
      "organization_id": "54a126b069702d8cfc105f00",
      "street_address": "",
      "city": "New Delhi",
      "state": "Delhi",
      "country": "India",
      "postal_code": null,
      "formatted_address": "Delhi, India",
      "time_zone": "Asia/Kolkata",
      "organization": {
        "id": "54a126b069702d8cfc105f00",
        "name": "Accertify, Inc.",
        "website_url": "http://www.accertify.com",
        "blog_url": null,
        "angellist_url": "http://angel.co/accertify",
        "linkedin_url": "http://www.linkedin.com/company/accertify-inc-",
        "twitter_url": "https://twitter.com/accertifyinc",
        "facebook_url": "https://facebook.com/accertifysolutions/",
        "primary_phone": {
          "number": "+1 630-735-4400",
          "source": "Owler",
          "sanitized_number": "+16307354400"
        },
        "languages": [
          "English",
          "German",
          "French"
        ],
        "alexa_ranking": 589488,
        "phone": "+1 630-735-4400",
        "linkedin_uid": "339806",
        "founded_year": 2007,
        "publicly_traded_symbol": null,
        "publicly_traded_exchange": null,
        "logo_url": "https://zenprospect-production.s3.amazonaws.com/uploads/pictures/692d17db676b9b00015b75c8/picture",
        "crunchbase_url": null,
        "primary_domain": "accertify.com",
        "sic_codes": [
          "7375"
        ],
        "naics_codes": [
          "54151"
        ],
        "sanitized_phone": "+16307354400",
        "industry": "information technology & services",
        "estimated_num_employees": 820,
        "keywords": [
          "fraud management",
          "chargeback management",
          "payment gateway",
          "managed services",
          "professional services",
          "support services",
          "decision sciences",
          "machine learning",
          "behavioral analytics",
          "digital identity",
          "account takeover",
          "security",
          "credit cards",
          "fraud detection",
          "internet",
          "information technology",
          "software development",
          "transaction risk scoring",
          "user behavior analytics",
          "fraud detection for high-volume transactions",
          "risk management platform",
          "transaction monitoring",
          "tokenization",
          "e-commerce",
          "real-time decisioning",
          "innovation",
          "ai and machine learning",
          "risk signals monitoring",
          "e-commerce security",
          "community data signals",
          "customer journey security",
          "predictive fraud analytics",
          "community insights data",
          "operational efficiency",
          "deep expertise in fraud",
          "chargeback reduction",
          "gaming and betting fraud",
          "risk signal aggregation",
          "financial technology",
          "risk management",
          "online transaction security",
          "dynamic risk vectors",
          "risk management for airlines",
          "real-time fraud alerts",
          "b2b",
          "fraud pattern detection",
          "cybersecurity",
          "computer systems design and related services",
          "regulatory compliance",
          "financial services",
          "risk assessment",
          "multi-channel fraud detection",
          "retail",
          "adaptive risk models",
          "community insights",
          "community-driven fraud detection",
          "d2c",
          "customer authentication",
          "risk mitigation",
          "retail fraud prevention",
          "online fraud prevention",
          "digital risk solutions",
          "machine learning models",
          "multi-layered fraud strategy",
          "flexible risk controls",
          "dispute resolution",
          "identity verification",
          "fraud analytics",
          "security protocols",
          "customer experience",
          "digital identity verification",
          "account takeover protection",
          "ai model explainability",
          "artificial intelligence",
          "services",
          "sca compliance",
          "real-time analytics",
          "multi-industry risk solutions",
          "multi-layered security architecture",
          "fraud prevention",
          "ai-powered fraud detection",
          "travel",
          "adaptive fraud controls",
          "fraud scoring",
          "payment fraud",
          "payment security",
          "information technology and services",
          "risk signals",
          "b2c",
          "fraud prevention platform",
          "customer experience optimization",
          "api integration",
          "account protection",
          "payment optimization",
          "abuse protection",
          "multi-accounting fraud",
          "account takeover fraud",
          "fraudulent transactions",
          "ecommerce security",
          "data breaches",
          "policy automation",
          "reporting tools",
          "sca optimization",
          "compliance management",
          "dispute management",
          "self-managed solutions",
          "fully managed services",
          "return abuse prevention",
          "real-time risk decisioning",
          "customer identity verification",
          "seamless payment experience",
          "fraud risk strategy",
          "global payment solutions",
          "advisory services",
          "client success",
          "deep expertise",
          "predictive analytics",
          "risk management solutions",
          "fraud prevention technology",
          "flexible controls",
          "customer insights",
          "data-driven decisions",
          "financial transactions security",
          "consumer protection",
          "dynamic risk management",
          "chargeback process automation",
          "integration solutions",
          "scalable technology",
          "cross-border transactions",
          "transaction authorization",
          "finance",
          "consumer products & retail",
          "transportation & logistics",
          "professional training & coaching",
          "information technology & services",
          "computer & network security",
          "consumer internet",
          "consumers",
          "finance technology",
          "conflict resolution",
          "analytics",
          "enterprise software",
          "enterprises",
          "computer software"
        ],
        "organization_revenue_printed": "35.5M",
        "organization_revenue": 35500000.0,
        "industries": [
          "information technology & services",
          "internet",
          "computer & network security"
        ],
        "secondary_industries": [
          "internet",
          "computer & network security"
        ],
        "snippets_loaded": true,
        "industry_tag_id": "5567cd4773696439b10b0000",
        "industry_tag_hash": {
          "information technology & services": "5567cd4773696439b10b0000",
          "internet": "5567cd4d736964397e020000",
          "computer & network security": "5567cd877369644cf94b0000"
        },
        "retail_location_count": 0,
        "raw_address": "2 Pierce Place, Suite 900, Itasca, IL 60143, US",
        "street_address": "2 Pierce Place",
        "city": "Itasca",
        "state": "Illinois",
        "postal_code": "60143",
        "country": "United States",
        "organization_headcount_six_month_growth": null,
        "organization_headcount_twelve_month_growth": null,
        "organization_headcount_twenty_four_month_growth": null
      },
      "departments": [],
      "subdepartments": [],
      "seniority": "manager",
      "functions": [],
      "intent_strength": null,
      "show_intent": false,
      "email_domain_catchall": false,
      "revealed_for_current_team": true
    },
    {
      "id": "61b8500ea6786f00014100db",
      "first_name": "Tarun",
      "last_name": "Subramanian",
      "name": "Tarun Subramanian",
      "linkedin_url": "http://www.linkedin.com/in/tarun-subramanian-b137bb60",
      "title": "Project Manager",
      "email_status": "verified",
      "photo_url": "https://media.licdn.com/dms/image/v2/C5603AQGgwl63WRN3OA/profile-displayphoto-shrink_200_200/profile-displayphoto-shrink_200_200/0/1517364829385?e=2147483647&v=beta&t=FiEE0P23oPndNtvox0770H6e7r0cD4eZO_zMpj7JJig",
      "twitter_url": null,
      "github_url": null,
      "facebook_url": null,
      "extrapolated_email_confidence": null,
      "headline": "Project Manager at Accertify, Inc. an American Express Company",
      "email": "email_not_unlocked@domain.com",
      "organization_id": "54a126b069702d8cfc105f00",
      "street_address": "",
      "city": "Chicago",
      "state": "Illinois",
      "country": "United States",
      "postal_code": null,
      "formatted_address": "Chicago, IL, USA",
      "time_zone": "America/Chicago",
      "organization": {
        "id": "54a126b069702d8cfc105f00",
        "name": "Accertify, Inc.",
        "website_url": "http://www.accertify.com",
        "blog_url": null,
        "angellist_url": "http://angel.co/accertify",
        "linkedin_url": "http://www.linkedin.com/company/accertify-inc-",
        "twitter_url": "https://twitter.com/accertifyinc",
        "facebook_url": "https://facebook.com/accertifysolutions/",
        "primary_phone": {
          "number": "+1 630-735-4400",
          "source": "Owler",
          "sanitized_number": "+16307354400"
        },
        "languages": [
          "English",
          "German",
          "French"
        ],
        "alexa_ranking": 589488,
        "phone": "+1 630-735-4400",
        "linkedin_uid": "339806",
        "founded_year": 2007,
        "publicly_traded_symbol": null,
        "publicly_traded_exchange": null,
        "logo_url": "https://zenprospect-production.s3.amazonaws.com/uploads/pictures/692d17db676b9b00015b75c8/picture",
        "crunchbase_url": null,
        "primary_domain": "accertify.com",
        "sic_codes": [
          "7375"
        ],
        "naics_codes": [
          "54151"
        ],
        "sanitized_phone": "+16307354400",
        "industry": "information technology & services",
        "estimated_num_employees": 820,
        "keywords": [
          "fraud management",
          "chargeback management",
          "payment gateway",
          "managed services",
          "professional services",
          "support services",
          "decision sciences",
          "machine learning",
          "behavioral analytics",
          "digital identity",
          "account takeover",
          "security",
          "credit cards",
          "fraud detection",
          "internet",
          "information technology",
          "software development",
          "transaction risk scoring",
          "user behavior analytics",
          "fraud detection for high-volume transactions",
          "risk management platform",
          "transaction monitoring",
          "tokenization",
          "e-commerce",
          "real-time decisioning",
          "innovation",
          "ai and machine learning",
          "risk signals monitoring",
          "e-commerce security",
          "community data signals",
          "customer journey security",
          "predictive fraud analytics",
          "community insights data",
          "operational efficiency",
          "deep expertise in fraud",
          "chargeback reduction",
          "gaming and betting fraud",
          "risk signal aggregation",
          "financial technology",
          "risk management",
          "online transaction security",
          "dynamic risk vectors",
          "risk management for airlines",
          "real-time fraud alerts",
          "b2b",
          "fraud pattern detection",
          "cybersecurity",
          "computer systems design and related services",
          "regulatory compliance",
          "financial services",
          "risk assessment",
          "multi-channel fraud detection",
          "retail",
          "adaptive risk models",
          "community insights",
          "community-driven fraud detection",
          "d2c",
          "customer authentication",
          "risk mitigation",
          "retail fraud prevention",
          "online fraud prevention",
          "digital risk solutions",
          "machine learning models",
          "multi-layered fraud strategy",
          "flexible risk controls",
          "dispute resolution",
          "identity verification",
          "fraud analytics",
          "security protocols",
          "customer experience",
          "digital identity verification",
          "account takeover protection",
          "ai model explainability",
          "artificial intelligence",
          "services",
          "sca compliance",
          "real-time analytics",
          "multi-industry risk solutions",
          "multi-layered security architecture",
          "fraud prevention",
          "ai-powered fraud detection",
          "travel",
          "adaptive fraud controls",
          "fraud scoring",
          "payment fraud",
          "payment security",
          "information technology and services",
          "risk signals",
          "b2c",
          "fraud prevention platform",
          "customer experience optimization",
          "api integration",
          "account protection",
          "payment optimization",
          "abuse protection",
          "multi-accounting fraud",
          "account takeover fraud",
          "fraudulent transactions",
          "ecommerce security",
          "data breaches",
          "policy automation",
          "reporting tools",
          "sca optimization",
          "compliance management",
          "dispute management",
          "self-managed solutions",
          "fully managed services",
          "return abuse prevention",
          "real-time risk decisioning",
          "customer identity verification",
          "seamless payment experience",
          "fraud risk strategy",
          "global payment solutions",
          "advisory services",
          "client success",
          "deep expertise",
          "predictive analytics",
          "risk management solutions",
          "fraud prevention technology",
          "flexible controls",
          "customer insights",
          "data-driven decisions",
          "financial transactions security",
          "consumer protection",
          "dynamic risk management",
          "chargeback process automation",
          "integration solutions",
          "scalable technology",
          "cross-border transactions",
          "transaction authorization",
          "finance",
          "consumer products & retail",
          "transportation & logistics",
          "professional training & coaching",
          "information technology & services",
          "computer & network security",
          "consumer internet",
          "consumers",
          "finance technology",
          "conflict resolution",
          "analytics",
          "enterprise software",
          "enterprises",
          "computer software"
        ],
        "organization_revenue_printed": "35.5M",
        "organization_revenue": 35500000.0,
        "industries": [
          "information technology & services",
          "internet",
          "computer & network security"
        ],
        "secondary_industries": [
          "internet",
          "computer & network security"
        ],
        "snippets_loaded": true,
        "industry_tag_id": "5567cd4773696439b10b0000",
        "industry_tag_hash": {
          "information technology & services": "5567cd4773696439b10b0000",
          "internet": "5567cd4d736964397e020000",
          "computer & network security": "5567cd877369644cf94b0000"
        },
        "retail_location_count": 0,
        "raw_address": "2 Pierce Place, Suite 900, Itasca, IL 60143, US",
        "street_address": "2 Pierce Place",
        "city": "Itasca",
        "state": "Illinois",
        "postal_code": "60143",
        "country": "United States",
        "organization_headcount_six_month_growth": null,
        "organization_headcount_twelve_month_growth": null,
        "organization_headcount_twenty_four_month_growth": null
      },
      "departments": [
        "master_engineering_technical"
      ],
      "subdepartments": [
        "project_management"
      ],
      "seniority": "manager",
      "functions": [],
      "intent_strength": null,
      "show_intent": false,
      "email_domain_catchall": false,
      "revealed_for_current_team": true
    },
    {
      "id": "5de0ae90227b30000186243d",
      "first_name": "Ankur",
      "last_name": "Panchal",
      "name": "Ankur Panchal",
      "linkedin_url": "http://www.linkedin.com/in/ankur-panchal-539833b6",
      "title": "Senior Fraud Analyst",
      "email_status": "verified",
      "photo_url": "https://media.licdn.com/dms/image/v2/D4D03AQGorLNVUorGIg/profile-displayphoto-shrink_200_200/B4DZTldMpAGcAY-/0/1739016425716?e=2147483647&v=beta&t=mI3SlfSzzNZRvXnUqkFoXLyBnzzzSytDphI_XAf6HwE",
      "twitter_url": null,
      "github_url": null,
      "facebook_url": null,
      "extrapolated_email_confidence": null,
      "headline": "Senior Fraud Analyst @ Accertify | Strategic Risk Services | Financial Crimes Investigations\n| Transaction monitoring | Due Diligence | Fraud Prevention | AML",
      "email": "email_not_unlocked@domain.com",
      "organization_id": "54a126b069702d8cfc105f00",
      "street_address": "",
      "city": "Gurugram",
      "state": "Haryana",
      "country": "India",
      "postal_code": null,
      "formatted_address": "Gurugram, Haryana, India",
      "time_zone": "Asia/Kolkata",
      "organization": {
        "id": "54a126b069702d8cfc105f00",
        "name": "Accertify, Inc.",
        "website_url": "http://www.accertify.com",
        "blog_url": null,
        "angellist_url": "http://angel.co/accertify",
        "linkedin_url": "http://www.linkedin.com/company/accertify-inc-",
        "twitter_url": "https://twitter.com/accertifyinc",
        "facebook_url": "https://facebook.com/accertifysolutions/",
        "primary_phone": {
          "number": "+1 630-735-4400",
          "source": "Owler",
          "sanitized_number": "+16307354400"
        },
        "languages": [
          "English",
          "German",
          "French"
        ],
        "alexa_ranking": 589488,
        "phone": "+1 630-735-4400",
        "linkedin_uid": "339806",
        "founded_year": 2007,
        "publicly_traded_symbol": null,
        "publicly_traded_exchange": null,
        "logo_url": "https://zenprospect-production.s3.amazonaws.com/uploads/pictures/692d17db676b9b00015b75c8/picture",
        "crunchbase_url": null,
        "primary_domain": "accertify.com",
        "sic_codes": [
          "7375"
        ],
        "naics_codes": [
          "54151"
        ],
        "sanitized_phone": "+16307354400",
        "industry": "information technology & services",
        "estimated_num_employees": 820,
        "keywords": [
          "fraud management",
          "chargeback management",
          "payment gateway",
          "managed services",
          "professional services",
          "support services",
          "decision sciences",
          "machine learning",
          "behavioral analytics",
          "digital identity",
          "account takeover",
          "security",
          "credit cards",
          "fraud detection",
          "internet",
          "information technology",
          "software development",
          "transaction risk scoring",
          "user behavior analytics",
          "fraud detection for high-volume transactions",
          "risk management platform",
          "transaction monitoring",
          "tokenization",
          "e-commerce",
          "real-time decisioning",
          "innovation",
          "ai and machine learning",
          "risk signals monitoring",
          "e-commerce security",
          "community data signals",
          "customer journey security",
          "predictive fraud analytics",
          "community insights data",
          "operational efficiency",
          "deep expertise in fraud",
          "chargeback reduction",
          "gaming and betting fraud",
          "risk signal aggregation",
          "financial technology",
          "risk management",
          "online transaction security",
          "dynamic risk vectors",
          "risk management for airlines",
          "real-time fraud alerts",
          "b2b",
          "fraud pattern detection",
          "cybersecurity",
          "computer systems design and related services",
          "regulatory compliance",
          "financial services",
          "risk assessment",
          "multi-channel fraud detection",
          "retail",
          "adaptive risk models",
          "community insights",
          "community-driven fraud detection",
          "d2c",
          "customer authentication",
          "risk mitigation",
          "retail fraud prevention",
          "online fraud prevention",
          "digital risk solutions",
          "machine learning models",
          "multi-layered fraud strategy",
          "flexible risk controls",
          "dispute resolution",
          "identity verification",
          "fraud analytics",
          "security protocols",
          "customer experience",
          "digital identity verification",
          "account takeover protection",
          "ai model explainability",
          "artificial intelligence",
          "services",
          "sca compliance",
          "real-time analytics",
          "multi-industry risk solutions",
          "multi-layered security architecture",
          "fraud prevention",
          "ai-powered fraud detection",
          "travel",
          "adaptive fraud controls",
          "fraud scoring",
          "payment fraud",
          "payment security",
          "information technology and services",
          "risk signals",
          "b2c",
          "fraud prevention platform",
          "customer experience optimization",
          "api integration",
          "account protection",
          "payment optimization",
          "abuse protection",
          "multi-accounting fraud",
          "account takeover fraud",
          "fraudulent transactions",
          "ecommerce security",
          "data breaches",
          "policy automation",
          "reporting tools",
          "sca optimization",
          "compliance management",
          "dispute management",
          "self-managed solutions",
          "fully managed services",
          "return abuse prevention",
          "real-time risk decisioning",
          "customer identity verification",
          "seamless payment experience",
          "fraud risk strategy",
          "global payment solutions",
          "advisory services",
          "client success",
          "deep expertise",
          "predictive analytics",
          "risk management solutions",
          "fraud prevention technology",
          "flexible controls",
          "customer insights",
          "data-driven decisions",
          "financial transactions security",
          "consumer protection",
          "dynamic risk management",
          "chargeback process automation",
          "integration solutions",
          "scalable technology",
          "cross-border transactions",
          "transaction authorization",
          "finance",
          "consumer products & retail",
          "transportation & logistics",
          "professional training & coaching",
          "information technology & services",
          "computer & network security",
          "consumer internet",
          "consumers",
          "finance technology",
          "conflict resolution",
          "analytics",
          "enterprise software",
          "enterprises",
          "computer software"
        ],
        "organization_revenue_printed": "35.5M",
        "organization_revenue": 35500000.0,
        "industries": [
          "information technology & services",
          "internet",
          "computer & network security"
        ],
        "secondary_industries": [
          "internet",
          "computer & network security"
        ],
        "snippets_loaded": true,
        "industry_tag_id": "5567cd4773696439b10b0000",
        "industry_tag_hash": {
          "information technology & services": "5567cd4773696439b10b0000",
          "internet": "5567cd4d736964397e020000",
          "computer & network security": "5567cd877369644cf94b0000"
        },
        "retail_location_count": 0,
        "raw_address": "2 Pierce Place, Suite 900, Itasca, IL 60143, US",
        "street_address": "2 Pierce Place",
        "city": "Itasca",
        "state": "Illinois",
        "postal_code": "60143",
        "country": "United States",
        "organization_headcount_six_month_growth": null,
        "organization_headcount_twelve_month_growth": null,
        "organization_headcount_twenty_four_month_growth": null
      },
      "departments": [],
      "subdepartments": [],
      "seniority": "senior",
      "functions": [],
      "intent_strength": null,
      "show_intent": false,
      "email_domain_catchall": false,
      "revealed_for_current_team": true
    },
    {
      "id": "612a74331915fa000121ffbb",
      "first_name": "Utsav",
      "last_name": "Dubedi",
      "name": "Utsav Dubedi",
      "linkedin_url": "http://www.linkedin.com/in/utsav-dubedi-640909171",
      "title": "Fraud Analyst",
      "email_status": "verified",
      "photo_url": "https://media.licdn.com/dms/image/v2/D4D03AQGCmjUbDjcdrw/profile-displayphoto-shrink_200_200/profile-displayphoto-shrink_200_200/0/1695475419163?e=2147483647&v=beta&t=JTro_TR8fDxvylz3F3Ml-yDdqBnZqxeZUuY8h8K9iCU",
      "twitter_url": null,
      "github_url": null,
      "facebook_url": null,
      "extrapolated_email_confidence": null,
      "headline": "Sr Fraud Analyst- Accerity || Ex-Amazonian",
      "email": "email_not_unlocked@domain.com",
      "organization_id": "54a126b069702d8cfc105f00",
      "street_address": "",
      "city": "Gurugram",
      "state": "Haryana",
      "country": "India",
      "postal_code": null,
      "formatted_address": "Gurugram, Haryana, India",
      "time_zone": "Asia/Kolkata",
      "organization": {
        "id": "54a126b069702d8cfc105f00",
        "name": "Accertify, Inc.",
        "website_url": "http://www.accertify.com",
        "blog_url": null,
        "angellist_url": "http://angel.co/accertify",
        "linkedin_url": "http://www.linkedin.com/company/accertify-inc-",
        "twitter_url": "https://twitter.com/accertifyinc",
        "facebook_url": "https://facebook.com/accertifysolutions/",
        "primary_phone": {
          "number": "+1 630-735-4400",
          "source": "Owler",
          "sanitized_number": "+16307354400"
        },
        "languages": [
          "English",
          "German",
          "French"
        ],
        "alexa_ranking": 589488,
        "phone": "+1 630-735-4400",
        "linkedin_uid": "339806",
        "founded_year": 2007,
        "publicly_traded_symbol": null,
        "publicly_traded_exchange": null,
        "logo_url": "https://zenprospect-production.s3.amazonaws.com/uploads/pictures/692d17db676b9b00015b75c8/picture",
        "crunchbase_url": null,
        "primary_domain": "accertify.com",
        "sic_codes": [
          "7375"
        ],
        "naics_codes": [
          "54151"
        ],
        "sanitized_phone": "+16307354400",
        "industry": "information technology & services",
        "estimated_num_employees": 820,
        "keywords": [
          "fraud management",
          "chargeback management",
          "payment gateway",
          "managed services",
          "professional services",
          "support services",
          "decision sciences",
          "machine learning",
          "behavioral analytics",
          "digital identity",
          "account takeover",
          "security",
          "credit cards",
          "fraud detection",
          "internet",
          "information technology",
          "software development",
          "transaction risk scoring",
          "user behavior analytics",
          "fraud detection for high-volume transactions",
          "risk management platform",
          "transaction monitoring",
          "tokenization",
          "e-commerce",
          "real-time decisioning",
          "innovation",
          "ai and machine learning",
          "risk signals monitoring",
          "e-commerce security",
          "community data signals",
          "customer journey security",
          "predictive fraud analytics",
          "community insights data",
          "operational efficiency",
          "deep expertise in fraud",
          "chargeback reduction",
          "gaming and betting fraud",
          "risk signal aggregation",
          "financial technology",
          "risk management",
          "online transaction security",
          "dynamic risk vectors",
          "risk management for airlines",
          "real-time fraud alerts",
          "b2b",
          "fraud pattern detection",
          "cybersecurity",
          "computer systems design and related services",
          "regulatory compliance",
          "financial services",
          "risk assessment",
          "multi-channel fraud detection",
          "retail",
          "adaptive risk models",
          "community insights",
          "community-driven fraud detection",
          "d2c",
          "customer authentication",
          "risk mitigation",
          "retail fraud prevention",
          "online fraud prevention",
          "digital risk solutions",
          "machine learning models",
          "multi-layered fraud strategy",
          "flexible risk controls",
          "dispute resolution",
          "identity verification",
          "fraud analytics",
          "security protocols",
          "customer experience",
          "digital identity verification",
          "account takeover protection",
          "ai model explainability",
          "artificial intelligence",
          "services",
          "sca compliance",
          "real-time analytics",
          "multi-industry risk solutions",
          "multi-layered security architecture",
          "fraud prevention",
          "ai-powered fraud detection",
          "travel",
          "adaptive fraud controls",
          "fraud scoring",
          "payment fraud",
          "payment security",
          "information technology and services",
          "risk signals",
          "b2c",
          "fraud prevention platform",
          "customer experience optimization",
          "api integration",
          "account protection",
          "payment optimization",
          "abuse protection",
          "multi-accounting fraud",
          "account takeover fraud",
          "fraudulent transactions",
          "ecommerce security",
          "data breaches",
          "policy automation",
          "reporting tools",
          "sca optimization",
          "compliance management",
          "dispute management",
          "self-managed solutions",
          "fully managed services",
          "return abuse prevention",
          "real-time risk decisioning",
          "customer identity verification",
          "seamless payment experience",
          "fraud risk strategy",
          "global payment solutions",
          "advisory services",
          "client success",
          "deep expertise",
          "predictive analytics",
          "risk management solutions",
          "fraud prevention technology",
          "flexible controls",
          "customer insights",
          "data-driven decisions",
          "financial transactions security",
          "consumer protection",
          "dynamic risk management",
          "chargeback process automation",
          "integration solutions",
          "scalable technology",
          "cross-border transactions",
          "transaction authorization",
          "finance",
          "consumer products & retail",
          "transportation & logistics",
          "professional training & coaching",
          "information technology & services",
          "computer & network security",
          "consumer internet",
          "consumers",
          "finance technology",
          "conflict resolution",
          "analytics",
          "enterprise software",
          "enterprises",
          "computer software"
        ],
        "organization_revenue_printed": "35.5M",
        "organization_revenue": 35500000.0,
        "industries": [
          "information technology & services",
          "internet",
          "computer & network security"
        ],
        "secondary_industries": [
          "internet",
          "computer & network security"
        ],
        "snippets_loaded": true,
        "industry_tag_id": "5567cd4773696439b10b0000",
        "industry_tag_hash": {
          "information technology & services": "5567cd4773696439b10b0000",
          "internet": "5567cd4d736964397e020000",
          "computer & network security": "5567cd877369644cf94b0000"
        },
        "retail_location_count": 0,
        "raw_address": "2 Pierce Place, Suite 900, Itasca, IL 60143, US",
        "street_address": "2 Pierce Place",
        "city": "Itasca",
        "state": "Illinois",
        "postal_code": "60143",
        "country": "United States",
        "organization_headcount_six_month_growth": null,
        "organization_headcount_twelve_month_growth": null,
        "organization_headcount_twenty_four_month_growth": null
      },
      "departments": [],
      "subdepartments": [],
      "seniority": "entry",
      "functions": [],
      "intent_strength": null,
      "show_intent": false,
      "email_domain_catchall": false,
      "revealed_for_current_team": true
    },
    {
      "id": "66d16e1bfd5f6f0001327d7e",
      "first_name": "Avinash",
      "last_name": "Tripathi",
      "name": "Avinash Tripathi",
      "linkedin_url": "http://www.linkedin.com/in/avinash-tripathi-66857a1b4",
      "title": "Team Leader",
      "email_status": "verified",
      "photo_url": "https://static.licdn.com/aero-v1/sc/h/9c8pery4andzj6ohjkjp54ma2",
      "twitter_url": null,
      "github_url": null,
      "facebook_url": null,
      "extrapolated_email_confidence": null,
      "headline": "SRS Team leader,  Accertify",
      "email": "email_not_unlocked@domain.com",
      "organization_id": "54a126b069702d8cfc105f00",
      "street_address": "",
      "city": "New Delhi",
      "state": "Delhi",
      "country": "India",
      "postal_code": null,
      "formatted_address": "Delhi, India",
      "time_zone": "Asia/Kolkata",
      "organization": {
        "id": "54a126b069702d8cfc105f00",
        "name": "Accertify, Inc.",
        "website_url": "http://www.accertify.com",
        "blog_url": null,
        "angellist_url": "http://angel.co/accertify",
        "linkedin_url": "http://www.linkedin.com/company/accertify-inc-",
        "twitter_url": "https://twitter.com/accertifyinc",
        "facebook_url": "https://facebook.com/accertifysolutions/",
        "primary_phone": {
          "number": "+1 630-735-4400",
          "source": "Owler",
          "sanitized_number": "+16307354400"
        },
        "languages": [
          "English",
          "German",
          "French"
        ],
        "alexa_ranking": 589488,
        "phone": "+1 630-735-4400",
        "linkedin_uid": "339806",
        "founded_year": 2007,
        "publicly_traded_symbol": null,
        "publicly_traded_exchange": null,
        "logo_url": "https://zenprospect-production.s3.amazonaws.com/uploads/pictures/692d17db676b9b00015b75c8/picture",
        "crunchbase_url": null,
        "primary_domain": "accertify.com",
        "sic_codes": [
          "7375"
        ],
        "naics_codes": [
          "54151"
        ],
        "sanitized_phone": "+16307354400",
        "industry": "information technology & services",
        "estimated_num_employees": 820,
        "keywords": [
          "fraud management",
          "chargeback management",
          "payment gateway",
          "managed services",
          "professional services",
          "support services",
          "decision sciences",
          "machine learning",
          "behavioral analytics",
          "digital identity",
          "account takeover",
          "security",
          "credit cards",
          "fraud detection",
          "internet",
          "information technology",
          "software development",
          "transaction risk scoring",
          "user behavior analytics",
          "fraud detection for high-volume transactions",
          "risk management platform",
          "transaction monitoring",
          "tokenization",
          "e-commerce",
          "real-time decisioning",
          "innovation",
          "ai and machine learning",
          "risk signals monitoring",
          "e-commerce security",
          "community data signals",
          "customer journey security",
          "predictive fraud analytics",
          "community insights data",
          "operational efficiency",
          "deep expertise in fraud",
          "chargeback reduction",
          "gaming and betting fraud",
          "risk signal aggregation",
          "financial technology",
          "risk management",
          "online transaction security",
          "dynamic risk vectors",
          "risk management for airlines",
          "real-time fraud alerts",
          "b2b",
          "fraud pattern detection",
          "cybersecurity",
          "computer systems design and related services",
          "regulatory compliance",
          "financial services",
          "risk assessment",
          "multi-channel fraud detection",
          "retail",
          "adaptive risk models",
          "community insights",
          "community-driven fraud detection",
          "d2c",
          "customer authentication",
          "risk mitigation",
          "retail fraud prevention",
          "online fraud prevention",
          "digital risk solutions",
          "machine learning models",
          "multi-layered fraud strategy",
          "flexible risk controls",
          "dispute resolution",
          "identity verification",
          "fraud analytics",
          "security protocols",
          "customer experience",
          "digital identity verification",
          "account takeover protection",
          "ai model explainability",
          "artificial intelligence",
          "services",
          "sca compliance",
          "real-time analytics",
          "multi-industry risk solutions",
          "multi-layered security architecture",
          "fraud prevention",
          "ai-powered fraud detection",
          "travel",
          "adaptive fraud controls",
          "fraud scoring",
          "payment fraud",
          "payment security",
          "information technology and services",
          "risk signals",
          "b2c",
          "fraud prevention platform",
          "customer experience optimization",
          "api integration",
          "account protection",
          "payment optimization",
          "abuse protection",
          "multi-accounting fraud",
          "account takeover fraud",
          "fraudulent transactions",
          "ecommerce security",
          "data breaches",
          "policy automation",
          "reporting tools",
          "sca optimization",
          "compliance management",
          "dispute management",
          "self-managed solutions",
          "fully managed services",
          "return abuse prevention",
          "real-time risk decisioning",
          "customer identity verification",
          "seamless payment experience",
          "fraud risk strategy",
          "global payment solutions",
          "advisory services",
          "client success",
          "deep expertise",
          "predictive analytics",
          "risk management solutions",
          "fraud prevention technology",
          "flexible controls",
          "customer insights",
          "data-driven decisions",
          "financial transactions security",
          "consumer protection",
          "dynamic risk management",
          "chargeback process automation",
          "integration solutions",
          "scalable technology",
          "cross-border transactions",
          "transaction authorization",
          "finance",
          "consumer products & retail",
          "transportation & logistics",
          "professional training & coaching",
          "information technology & services",
          "computer & network security",
          "consumer internet",
          "consumers",
          "finance technology",
          "conflict resolution",
          "analytics",
          "enterprise software",
          "enterprises",
          "computer software"
        ],
        "organization_revenue_printed": "35.5M",
        "organization_revenue": 35500000.0,
        "industries": [
          "information technology & services",
          "internet",
          "computer & network security"
        ],
        "secondary_industries": [
          "internet",
          "computer & network security"
        ],
        "snippets_loaded": true,
        "industry_tag_id": "5567cd4773696439b10b0000",
        "industry_tag_hash": {
          "information technology & services": "5567cd4773696439b10b0000",
          "internet": "5567cd4d736964397e020000",
          "computer & network security": "5567cd877369644cf94b0000"
        },
        "retail_location_count": 0,
        "raw_address": "2 Pierce Place, Suite 900, Itasca, IL 60143, US",
        "street_address": "2 Pierce Place",
        "city": "Itasca",
        "state": "Illinois",
        "postal_code": "60143",
        "country": "United States",
        "organization_headcount_six_month_growth": null,
        "organization_headcount_twelve_month_growth": null,
        "organization_headcount_twenty_four_month_growth": null
      },
      "departments": [],
      "subdepartments": [],
      "seniority": "manager",
      "functions": [],
      "intent_strength": null,
      "show_intent": false,
      "email_domain_catchall": false,
      "revealed_for_current_team": true
    },
    {
      "id": "66026ad892237c0006c54e21",
      "first_name": "Damini",
      "last_name": "Katnoria",
      "name": "Damini Katnoria",
      "linkedin_url": "http://www.linkedin.com/in/damini-katnoria-68302516b",
      "title": "Operations Support Specialist",
      "email_status": "verified",
      "photo_url": "https://media.licdn.com/dms/image/v2/D5603AQHlxwlcdIn7Kw/profile-displayphoto-shrink_200_200/profile-displayphoto-shrink_200_200/0/1709098506843?e=2147483647&v=beta&t=2DjXlSTokuu8aGd2Z-ba-QqAuEqWvmVLfcv4Ryt4_Zw",
      "twitter_url": null,
      "github_url": null,
      "facebook_url": null,
      "extrapolated_email_confidence": null,
      "headline": "Operations Support Specialist @ Accertify, Inc. | Ex Operations Support Analyst @ American Express Co.",
      "email": "email_not_unlocked@domain.com",
      "organization_id": "54a126b069702d8cfc105f00",
      "street_address": "",
      "city": "Gurugram",
      "state": "Haryana",
      "country": "India",
      "postal_code": null,
      "formatted_address": "Gurugram, Haryana, India",
      "time_zone": "Asia/Kolkata",
      "organization": {
        "id": "54a126b069702d8cfc105f00",
        "name": "Accertify, Inc.",
        "website_url": "http://www.accertify.com",
        "blog_url": null,
        "angellist_url": "http://angel.co/accertify",
        "linkedin_url": "http://www.linkedin.com/company/accertify-inc-",
        "twitter_url": "https://twitter.com/accertifyinc",
        "facebook_url": "https://facebook.com/accertifysolutions/",
        "primary_phone": {
          "number": "+1 630-735-4400",
          "source": "Owler",
          "sanitized_number": "+16307354400"
        },
        "languages": [
          "English",
          "German",
          "French"
        ],
        "alexa_ranking": 589488,
        "phone": "+1 630-735-4400",
        "linkedin_uid": "339806",
        "founded_year": 2007,
        "publicly_traded_symbol": null,
        "publicly_traded_exchange": null,
        "logo_url": "https://zenprospect-production.s3.amazonaws.com/uploads/pictures/692d17db676b9b00015b75c8/picture",
        "crunchbase_url": null,
        "primary_domain": "accertify.com",
        "sic_codes": [
          "7375"
        ],
        "naics_codes": [
          "54151"
        ],
        "sanitized_phone": "+16307354400",
        "industry": "information technology & services",
        "estimated_num_employees": 820,
        "keywords": [
          "fraud management",
          "chargeback management",
          "payment gateway",
          "managed services",
          "professional services",
          "support services",
          "decision sciences",
          "machine learning",
          "behavioral analytics",
          "digital identity",
          "account takeover",
          "security",
          "credit cards",
          "fraud detection",
          "internet",
          "information technology",
          "software development",
          "transaction risk scoring",
          "user behavior analytics",
          "fraud detection for high-volume transactions",
          "risk management platform",
          "transaction monitoring",
          "tokenization",
          "e-commerce",
          "real-time decisioning",
          "innovation",
          "ai and machine learning",
          "risk signals monitoring",
          "e-commerce security",
          "community data signals",
          "customer journey security",
          "predictive fraud analytics",
          "community insights data",
          "operational efficiency",
          "deep expertise in fraud",
          "chargeback reduction",
          "gaming and betting fraud",
          "risk signal aggregation",
          "financial technology",
          "risk management",
          "online transaction security",
          "dynamic risk vectors",
          "risk management for airlines",
          "real-time fraud alerts",
          "b2b",
          "fraud pattern detection",
          "cybersecurity",
          "computer systems design and related services",
          "regulatory compliance",
          "financial services",
          "risk assessment",
          "multi-channel fraud detection",
          "retail",
          "adaptive risk models",
          "community insights",
          "community-driven fraud detection",
          "d2c",
          "customer authentication",
          "risk mitigation",
          "retail fraud prevention",
          "online fraud prevention",
          "digital risk solutions",
          "machine learning models",
          "multi-layered fraud strategy",
          "flexible risk controls",
          "dispute resolution",
          "identity verification",
          "fraud analytics",
          "security protocols",
          "customer experience",
          "digital identity verification",
          "account takeover protection",
          "ai model explainability",
          "artificial intelligence",
          "services",
          "sca compliance",
          "real-time analytics",
          "multi-industry risk solutions",
          "multi-layered security architecture",
          "fraud prevention",
          "ai-powered fraud detection",
          "travel",
          "adaptive fraud controls",
          "fraud scoring",
          "payment fraud",
          "payment security",
          "information technology and services",
          "risk signals",
          "b2c",
          "fraud prevention platform",
          "customer experience optimization",
          "api integration",
          "account protection",
          "payment optimization",
          "abuse protection",
          "multi-accounting fraud",
          "account takeover fraud",
          "fraudulent transactions",
          "ecommerce security",
          "data breaches",
          "policy automation",
          "reporting tools",
          "sca optimization",
          "compliance management",
          "dispute management",
          "self-managed solutions",
          "fully managed services",
          "return abuse prevention",
          "real-time risk decisioning",
          "customer identity verification",
          "seamless payment experience",
          "fraud risk strategy",
          "global payment solutions",
          "advisory services",
          "client success",
          "deep expertise",
          "predictive analytics",
          "risk management solutions",
          "fraud prevention technology",
          "flexible controls",
          "customer insights",
          "data-driven decisions",
          "financial transactions security",
          "consumer protection",
          "dynamic risk management",
          "chargeback process automation",
          "integration solutions",
          "scalable technology",
          "cross-border transactions",
          "transaction authorization",
          "finance",
          "consumer products & retail",
          "transportation & logistics",
          "professional training & coaching",
          "information technology & services",
          "computer & network security",
          "consumer internet",
          "consumers",
          "finance technology",
          "conflict resolution",
          "analytics",
          "enterprise software",
          "enterprises",
          "computer software"
        ],
        "organization_revenue_printed": "35.5M",
        "organization_revenue": 35500000.0,
        "industries": [
          "information technology & services",
          "internet",
          "computer & network security"
        ],
        "secondary_industries": [
          "internet",
          "computer & network security"
        ],
        "snippets_loaded": true,
        "industry_tag_id": "5567cd4773696439b10b0000",
        "industry_tag_hash": {
          "information technology & services": "5567cd4773696439b10b0000",
          "internet": "5567cd4d736964397e020000",
          "computer & network security": "5567cd877369644cf94b0000"
        },
        "retail_location_count": 0,
        "raw_address": "2 Pierce Place, Suite 900, Itasca, IL 60143, US",
        "street_address": "2 Pierce Place",
        "city": "Itasca",
        "state": "Illinois",
        "postal_code": "60143",
        "country": "United States",
        "organization_headcount_six_month_growth": null,
        "organization_headcount_twelve_month_growth": null,
        "organization_headcount_twenty_four_month_growth": null
      },
      "departments": [
        "master_engineering_technical",
        "master_operations"
      ],
      "subdepartments": [
        "support_technical_services",
        "operations"
      ],
      "seniority": "entry",
      "functions": [
        "operations",
        "support"
      ],
      "intent_strength": null,
      "show_intent": false,
      "email_domain_catchall": false,
      "revealed_for_current_team": true
    },
    {
      "id": "67ba9b7f6668e100014ba9cc",
      "first_name": "Noah",
      "last_name": "West",
      "name": "Noah West",
      "linkedin_url": "http://www.linkedin.com/in/noah-west-4518a718b",
      "title": "MLE",
      "email_status": "extrapolated",
      "photo_url": "https://media.licdn.com/dms/image/v2/D5603AQGb_Rm6Ok-Hcw/profile-displayphoto-shrink_200_200/profile-displayphoto-shrink_200_200/0/1692145454521?e=2147483647&v=beta&t=R_EjtWHdd2wk_60MBG5m8ULYTWvjAO_QU5NnmHN_ALc",
      "twitter_url": null,
      "github_url": null,
      "facebook_url": null,
      "extrapolated_email_confidence": 0.7,
      "headline": "MLE at Accertify",
      "email": "nwest@accertify.com",
      "organization_id": "54a126b069702d8cfc105f00",
      "street_address": "",
      "city": "Chatsworth",
      "state": "Georgia",
      "country": "United States",
      "postal_code": "30705",
      "formatted_address": "Chatsworth, GA 30705, USA",
      "time_zone": "America/New_York",
      "organization": {
        "id": "54a126b069702d8cfc105f00",
        "name": "Accertify, Inc.",
        "website_url": "http://www.accertify.com",
        "blog_url": null,
        "angellist_url": "http://angel.co/accertify",
        "linkedin_url": "http://www.linkedin.com/company/accertify-inc-",
        "twitter_url": "https://twitter.com/accertifyinc",
        "facebook_url": "https://facebook.com/accertifysolutions/",
        "primary_phone": {
          "number": "+1 630-735-4400",
          "source": "Owler",
          "sanitized_number": "+16307354400"
        },
        "languages": [
          "English",
          "German",
          "French"
        ],
        "alexa_ranking": 589488,
        "phone": "+1 630-735-4400",
        "linkedin_uid": "339806",
        "founded_year": 2007,
        "publicly_traded_symbol": null,
        "publicly_traded_exchange": null,
        "logo_url": "https://zenprospect-production.s3.amazonaws.com/uploads/pictures/692d17db676b9b00015b75c8/picture",
        "crunchbase_url": null,
        "primary_domain": "accertify.com",
        "sic_codes": [
          "7375"
        ],
        "naics_codes": [
          "54151"
        ],
        "sanitized_phone": "+16307354400",
        "industry": "information technology & services",
        "estimated_num_employees": 820,
        "keywords": [
          "fraud management",
          "chargeback management",
          "payment gateway",
          "managed services",
          "professional services",
          "support services",
          "decision sciences",
          "machine learning",
          "behavioral analytics",
          "digital identity",
          "account takeover",
          "security",
          "credit cards",
          "fraud detection",
          "internet",
          "information technology",
          "software development",
          "transaction risk scoring",
          "user behavior analytics",
          "fraud detection for high-volume transactions",
          "risk management platform",
          "transaction monitoring",
          "tokenization",
          "e-commerce",
          "real-time decisioning",
          "innovation",
          "ai and machine learning",
          "risk signals monitoring",
          "e-commerce security",
          "community data signals",
          "customer journey security",
          "predictive fraud analytics",
          "community insights data",
          "operational efficiency",
          "deep expertise in fraud",
          "chargeback reduction",
          "gaming and betting fraud",
          "risk signal aggregation",
          "financial technology",
          "risk management",
          "online transaction security",
          "dynamic risk vectors",
          "risk management for airlines",
          "real-time fraud alerts",
          "b2b",
          "fraud pattern detection",
          "cybersecurity",
          "computer systems design and related services",
          "regulatory compliance",
          "financial services",
          "risk assessment",
          "multi-channel fraud detection",
          "retail",
          "adaptive risk models",
          "community insights",
          "community-driven fraud detection",
          "d2c",
          "customer authentication",
          "risk mitigation",
          "retail fraud prevention",
          "online fraud prevention",
          "digital risk solutions",
          "machine learning models",
          "multi-layered fraud strategy",
          "flexible risk controls",
          "dispute resolution",
          "identity verification",
          "fraud analytics",
          "security protocols",
          "customer experience",
          "digital identity verification",
          "account takeover protection",
          "ai model explainability",
          "artificial intelligence",
          "services",
          "sca compliance",
          "real-time analytics",
          "multi-industry risk solutions",
          "multi-layered security architecture",
          "fraud prevention",
          "ai-powered fraud detection",
          "travel",
          "adaptive fraud controls",
          "fraud scoring",
          "payment fraud",
          "payment security",
          "information technology and services",
          "risk signals",
          "b2c",
          "fraud prevention platform",
          "customer experience optimization",
          "api integration",
          "account protection",
          "payment optimization",
          "abuse protection",
          "multi-accounting fraud",
          "account takeover fraud",
          "fraudulent transactions",
          "ecommerce security",
          "data breaches",
          "policy automation",
          "reporting tools",
          "sca optimization",
          "compliance management",
          "dispute management",
          "self-managed solutions",
          "fully managed services",
          "return abuse prevention",
          "real-time risk decisioning",
          "customer identity verification",
          "seamless payment experience",
          "fraud risk strategy",
          "global payment solutions",
          "advisory services",
          "client success",
          "deep expertise",
          "predictive analytics",
          "risk management solutions",
          "fraud prevention technology",
          "flexible controls",
          "customer insights",
          "data-driven decisions",
          "financial transactions security",
          "consumer protection",
          "dynamic risk management",
          "chargeback process automation",
          "integration solutions",
          "scalable technology",
          "cross-border transactions",
          "transaction authorization",
          "finance",
          "consumer products & retail",
          "transportation & logistics",
          "professional training & coaching",
          "information technology & services",
          "computer & network security",
          "consumer internet",
          "consumers",
          "finance technology",
          "conflict resolution",
          "analytics",
          "enterprise software",
          "enterprises",
          "computer software"
        ],
        "organization_revenue_printed": "35.5M",
        "organization_revenue": 35500000.0,
        "industries": [
          "information technology & services",
          "internet",
          "computer & network security"
        ],
        "secondary_industries": [
          "internet",
          "computer & network security"
        ],
        "snippets_loaded": true,
        "industry_tag_id": "5567cd4773696439b10b0000",
        "industry_tag_hash": {
          "information technology & services": "5567cd4773696439b10b0000",
          "internet": "5567cd4d736964397e020000",
          "computer & network security": "5567cd877369644cf94b0000"
        },
        "retail_location_count": 0,
        "raw_address": "2 Pierce Place, Suite 900, Itasca, IL 60143, US",
        "street_address": "2 Pierce Place",
        "city": "Itasca",
        "state": "Illinois",
        "postal_code": "60143",
        "country": "United States",
        "organization_headcount_six_month_growth": null,
        "organization_headcount_twelve_month_growth": null,
        "organization_headcount_twenty_four_month_growth": null
      },
      "departments": [],
      "subdepartments": [],
      "seniority": "entry",
      "functions": [],
      "intent_strength": null,
      "show_intent": false,
      "email_domain_catchall": false,
      "revealed_for_current_team": true
    },
    {
      "id": "64254ed6368bc700017339de",
      "first_name": "Michael",
      "last_name": "Ripaldi",
      "name": "Michael Ripaldi",
      "linkedin_url": "http://www.linkedin.com/in/miker123",
      "title": "Manager, Strategic Risk Services",
      "email_status": "verified",
      "photo_url": "https://media.licdn.com/dms/image/v2/C4D03AQGUrYeXUOSoIw/profile-displayphoto-shrink_200_200/profile-displayphoto-shrink_200_200/0/1516849965283?e=2147483647&v=beta&t=R1saeCX7Z0aEZqXMrRcGG7OtE4r3MHmcdaWAhD9gEzg",
      "twitter_url": null,
      "github_url": null,
      "facebook_url": null,
      "extrapolated_email_confidence": null,
      "headline": "Manager, Strategic Risk Services at Accertify, Inc.",
      "email": "email_not_unlocked@domain.com",
      "organization_id": "54a126b069702d8cfc105f00",
      "street_address": "",
      "city": "Chicago",
      "state": "Illinois",
      "country": "United States",
      "postal_code": null,
      "formatted_address": "Chicago, IL, USA",
      "time_zone": "America/Chicago",
      "organization": {
        "id": "54a126b069702d8cfc105f00",
        "name": "Accertify, Inc.",
        "website_url": "http://www.accertify.com",
        "blog_url": null,
        "angellist_url": "http://angel.co/accertify",
        "linkedin_url": "http://www.linkedin.com/company/accertify-inc-",
        "twitter_url": "https://twitter.com/accertifyinc",
        "facebook_url": "https://facebook.com/accertifysolutions/",
        "primary_phone": {
          "number": "+1 630-735-4400",
          "source": "Owler",
          "sanitized_number": "+16307354400"
        },
        "languages": [
          "English",
          "German",
          "French"
        ],
        "alexa_ranking": 589488,
        "phone": "+1 630-735-4400",
        "linkedin_uid": "339806",
        "founded_year": 2007,
        "publicly_traded_symbol": null,
        "publicly_traded_exchange": null,
        "logo_url": "https://zenprospect-production.s3.amazonaws.com/uploads/pictures/692d17db676b9b00015b75c8/picture",
        "crunchbase_url": null,
        "primary_domain": "accertify.com",
        "sic_codes": [
          "7375"
        ],
        "naics_codes": [
          "54151"
        ],
        "sanitized_phone": "+16307354400",
        "industry": "information technology & services",
        "estimated_num_employees": 820,
        "keywords": [
          "fraud management",
          "chargeback management",
          "payment gateway",
          "managed services",
          "professional services",
          "support services",
          "decision sciences",
          "machine learning",
          "behavioral analytics",
          "digital identity",
          "account takeover",
          "security",
          "credit cards",
          "fraud detection",
          "internet",
          "information technology",
          "software development",
          "transaction risk scoring",
          "user behavior analytics",
          "fraud detection for high-volume transactions",
          "risk management platform",
          "transaction monitoring",
          "tokenization",
          "e-commerce",
          "real-time decisioning",
          "innovation",
          "ai and machine learning",
          "risk signals monitoring",
          "e-commerce security",
          "community data signals",
          "customer journey security",
          "predictive fraud analytics",
          "community insights data",
          "operational efficiency",
          "deep expertise in fraud",
          "chargeback reduction",
          "gaming and betting fraud",
          "risk signal aggregation",
          "financial technology",
          "risk management",
          "online transaction security",
          "dynamic risk vectors",
          "risk management for airlines",
          "real-time fraud alerts",
          "b2b",
          "fraud pattern detection",
          "cybersecurity",
          "computer systems design and related services",
          "regulatory compliance",
          "financial services",
          "risk assessment",
          "multi-channel fraud detection",
          "retail",
          "adaptive risk models",
          "community insights",
          "community-driven fraud detection",
          "d2c",
          "customer authentication",
          "risk mitigation",
          "retail fraud prevention",
          "online fraud prevention",
          "digital risk solutions",
          "machine learning models",
          "multi-layered fraud strategy",
          "flexible risk controls",
          "dispute resolution",
          "identity verification",
          "fraud analytics",
          "security protocols",
          "customer experience",
          "digital identity verification",
          "account takeover protection",
          "ai model explainability",
          "artificial intelligence",
          "services",
          "sca compliance",
          "real-time analytics",
          "multi-industry risk solutions",
          "multi-layered security architecture",
          "fraud prevention",
          "ai-powered fraud detection",
          "travel",
          "adaptive fraud controls",
          "fraud scoring",
          "payment fraud",
          "payment security",
          "information technology and services",
          "risk signals",
          "b2c",
          "fraud prevention platform",
          "customer experience optimization",
          "api integration",
          "account protection",
          "payment optimization",
          "abuse protection",
          "multi-accounting fraud",
          "account takeover fraud",
          "fraudulent transactions",
          "ecommerce security",
          "data breaches",
          "policy automation",
          "reporting tools",
          "sca optimization",
          "compliance management",
          "dispute management",
          "self-managed solutions",
          "fully managed services",
          "return abuse prevention",
          "real-time risk decisioning",
          "customer identity verification",
          "seamless payment experience",
          "fraud risk strategy",
          "global payment solutions",
          "advisory services",
          "client success",
          "deep expertise",
          "predictive analytics",
          "risk management solutions",
          "fraud prevention technology",
          "flexible controls",
          "customer insights",
          "data-driven decisions",
          "financial transactions security",
          "consumer protection",
          "dynamic risk management",
          "chargeback process automation",
          "integration solutions",
          "scalable technology",
          "cross-border transactions",
          "transaction authorization",
          "finance",
          "consumer products & retail",
          "transportation & logistics",
          "professional training & coaching",
          "information technology & services",
          "computer & network security",
          "consumer internet",
          "consumers",
          "finance technology",
          "conflict resolution",
          "analytics",
          "enterprise software",
          "enterprises",
          "computer software"
        ],
        "organization_revenue_printed": "35.5M",
        "organization_revenue": 35500000.0,
        "industries": [
          "information technology & services",
          "internet",
          "computer & network security"
        ],
        "secondary_industries": [
          "internet",
          "computer & network security"
        ],
        "snippets_loaded": true,
        "industry_tag_id": "5567cd4773696439b10b0000",
        "industry_tag_hash": {
          "information technology & services": "5567cd4773696439b10b0000",
          "internet": "5567cd4d736964397e020000",
          "computer & network security": "5567cd877369644cf94b0000"
        },
        "retail_location_count": 0,
        "raw_address": "2 Pierce Place, Suite 900, Itasca, IL 60143, US",
        "street_address": "2 Pierce Place",
        "city": "Itasca",
        "state": "Illinois",
        "postal_code": "60143",
        "country": "United States",
        "organization_headcount_six_month_growth": null,
        "organization_headcount_twelve_month_growth": null,
        "organization_headcount_twenty_four_month_growth": null
      },
      "departments": [],
      "subdepartments": [],
      "seniority": "manager",
      "functions": [],
      "intent_strength": null,
      "show_intent": false,
      "email_domain_catchall": false,
      "revealed_for_current_team": true
    },
    {
      "id": "57db1d27a6da984bd0d5052b",
      "first_name": "Ankur",
      "last_name": "Vohra",
      "name": "Ankur Vohra",
      "linkedin_url": "http://www.linkedin.com/in/av1984",
      "title": "Director",
      "email_status": "verified",
      "photo_url": "https://media.licdn.com/dms/image/v2/D5603AQFUNO31BPnfgQ/profile-displayphoto-shrink_200_200/B56ZY.9AybGoAY-/0/1744812905544?e=2147483647&v=beta&t=Tp73455ZYYZdoDIJi3P4Dzos4qkfKzwDvbQ1u9XW994",
      "twitter_url": null,
      "github_url": null,
      "facebook_url": null,
      "extrapolated_email_confidence": null,
      "headline": "Director, Strategic Risk Services",
      "email": "email_not_unlocked@domain.com",
      "organization_id": "54a126b069702d8cfc105f00",
      "street_address": "",
      "city": "New Delhi",
      "state": "Delhi",
      "country": "India",
      "postal_code": null,
      "formatted_address": "Delhi, India",
      "time_zone": "Asia/Kolkata",
      "organization": {
        "id": "54a126b069702d8cfc105f00",
        "name": "Accertify, Inc.",
        "website_url": "http://www.accertify.com",
        "blog_url": null,
        "angellist_url": "http://angel.co/accertify",
        "linkedin_url": "http://www.linkedin.com/company/accertify-inc-",
        "twitter_url": "https://twitter.com/accertifyinc",
        "facebook_url": "https://facebook.com/accertifysolutions/",
        "primary_phone": {
          "number": "+1 630-735-4400",
          "source": "Owler",
          "sanitized_number": "+16307354400"
        },
        "languages": [
          "English",
          "German",
          "French"
        ],
        "alexa_ranking": 589488,
        "phone": "+1 630-735-4400",
        "linkedin_uid": "339806",
        "founded_year": 2007,
        "publicly_traded_symbol": null,
        "publicly_traded_exchange": null,
        "logo_url": "https://zenprospect-production.s3.amazonaws.com/uploads/pictures/692d17db676b9b00015b75c8/picture",
        "crunchbase_url": null,
        "primary_domain": "accertify.com",
        "sic_codes": [
          "7375"
        ],
        "naics_codes": [
          "54151"
        ],
        "sanitized_phone": "+16307354400",
        "industry": "information technology & services",
        "estimated_num_employees": 820,
        "keywords": [
          "fraud management",
          "chargeback management",
          "payment gateway",
          "managed services",
          "professional services",
          "support services",
          "decision sciences",
          "machine learning",
          "behavioral analytics",
          "digital identity",
          "account takeover",
          "security",
          "credit cards",
          "fraud detection",
          "internet",
          "information technology",
          "software development",
          "transaction risk scoring",
          "user behavior analytics",
          "fraud detection for high-volume transactions",
          "risk management platform",
          "transaction monitoring",
          "tokenization",
          "e-commerce",
          "real-time decisioning",
          "innovation",
          "ai and machine learning",
          "risk signals monitoring",
          "e-commerce security",
          "community data signals",
          "customer journey security",
          "predictive fraud analytics",
          "community insights data",
          "operational efficiency",
          "deep expertise in fraud",
          "chargeback reduction",
          "gaming and betting fraud",
          "risk signal aggregation",
          "financial technology",
          "risk management",
          "online transaction security",
          "dynamic risk vectors",
          "risk management for airlines",
          "real-time fraud alerts",
          "b2b",
          "fraud pattern detection",
          "cybersecurity",
          "computer systems design and related services",
          "regulatory compliance",
          "financial services",
          "risk assessment",
          "multi-channel fraud detection",
          "retail",
          "adaptive risk models",
          "community insights",
          "community-driven fraud detection",
          "d2c",
          "customer authentication",
          "risk mitigation",
          "retail fraud prevention",
          "online fraud prevention",
          "digital risk solutions",
          "machine learning models",
          "multi-layered fraud strategy",
          "flexible risk controls",
          "dispute resolution",
          "identity verification",
          "fraud analytics",
          "security protocols",
          "customer experience",
          "digital identity verification",
          "account takeover protection",
          "ai model explainability",
          "artificial intelligence",
          "services",
          "sca compliance",
          "real-time analytics",
          "multi-industry risk solutions",
          "multi-layered security architecture",
          "fraud prevention",
          "ai-powered fraud detection",
          "travel",
          "adaptive fraud controls",
          "fraud scoring",
          "payment fraud",
          "payment security",
          "information technology and services",
          "risk signals",
          "b2c",
          "fraud prevention platform",
          "customer experience optimization",
          "api integration",
          "account protection",
          "payment optimization",
          "abuse protection",
          "multi-accounting fraud",
          "account takeover fraud",
          "fraudulent transactions",
          "ecommerce security",
          "data breaches",
          "policy automation",
          "reporting tools",
          "sca optimization",
          "compliance management",
          "dispute management",
          "self-managed solutions",
          "fully managed services",
          "return abuse prevention",
          "real-time risk decisioning",
          "customer identity verification",
          "seamless payment experience",
          "fraud risk strategy",
          "global payment solutions",
          "advisory services",
          "client success",
          "deep expertise",
          "predictive analytics",
          "risk management solutions",
          "fraud prevention technology",
          "flexible controls",
          "customer insights",
          "data-driven decisions",
          "financial transactions security",
          "consumer protection",
          "dynamic risk management",
          "chargeback process automation",
          "integration solutions",
          "scalable technology",
          "cross-border transactions",
          "transaction authorization",
          "finance",
          "consumer products & retail",
          "transportation & logistics",
          "professional training & coaching",
          "information technology & services",
          "computer & network security",
          "consumer internet",
          "consumers",
          "finance technology",
          "conflict resolution",
          "analytics",
          "enterprise software",
          "enterprises",
          "computer software"
        ],
        "organization_revenue_printed": "35.5M",
        "organization_revenue": 35500000.0,
        "industries": [
          "information technology & services",
          "internet",
          "computer & network security"
        ],
        "secondary_industries": [
          "internet",
          "computer & network security"
        ],
        "snippets_loaded": true,
        "industry_tag_id": "5567cd4773696439b10b0000",
        "industry_tag_hash": {
          "information technology & services": "5567cd4773696439b10b0000",
          "internet": "5567cd4d736964397e020000",
          "computer & network security": "5567cd877369644cf94b0000"
        },
        "retail_location_count": 0,
        "raw_address": "2 Pierce Place, Suite 900, Itasca, IL 60143, US",
        "street_address": "2 Pierce Place",
        "city": "Itasca",
        "state": "Illinois",
        "postal_code": "60143",
        "country": "United States",
        "organization_headcount_six_month_growth": null,
        "organization_headcount_twelve_month_growth": null,
        "organization_headcount_twenty_four_month_growth": null
      },
      "departments": [],
      "subdepartments": [],
      "seniority": "director",
      "functions": [],
      "intent_strength": null,
      "show_intent": false,
      "email_domain_catchall": false,
      "revealed_for_current_team": true
    },
    {
      "id": "5ad82196a6da98e32e04c046",
      "first_name": "Jason",
      "last_name": "Taylor",
      "name": "Jason Taylor",
      "linkedin_url": "http://www.linkedin.com/in/jason-taylor-7833924",
      "title": "Senior Client Success Manager",
      "email_status": "verified",
      "photo_url": "https://media.licdn.com/dms/image/v2/D5603AQFqnt8pvcZ_tg/profile-displayphoto-shrink_200_200/profile-displayphoto-shrink_200_200/0/1714421639615?e=2147483647&v=beta&t=qwO-d632fbO-qaN8pBwB_4g6PjBfDHGC1i623saWEp4",
      "twitter_url": null,
      "github_url": null,
      "facebook_url": null,
      "extrapolated_email_confidence": null,
      "headline": "Fraud / AML Compliance Professional - Accertify, Inc.",
      "email": "email_not_unlocked@domain.com",
      "organization_id": "54a126b069702d8cfc105f00",
      "street_address": "Saint Paul Avenue",
      "city": "Minneapolis",
      "state": "Minnesota",
      "country": "United States",
      "postal_code": "55416",
      "formatted_address": "Twin Cities, MN, USA",
      "time_zone": "America/Chicago",
      "organization": {
        "id": "54a126b069702d8cfc105f00",
        "name": "Accertify, Inc.",
        "website_url": "http://www.accertify.com",
        "blog_url": null,
        "angellist_url": "http://angel.co/accertify",
        "linkedin_url": "http://www.linkedin.com/company/accertify-inc-",
        "twitter_url": "https://twitter.com/accertifyinc",
        "facebook_url": "https://facebook.com/accertifysolutions/",
        "primary_phone": {
          "number": "+1 630-735-4400",
          "source": "Owler",
          "sanitized_number": "+16307354400"
        },
        "languages": [
          "English",
          "German",
          "French"
        ],
        "alexa_ranking": 589488,
        "phone": "+1 630-735-4400",
        "linkedin_uid": "339806",
        "founded_year": 2007,
        "publicly_traded_symbol": null,
        "publicly_traded_exchange": null,
        "logo_url": "https://zenprospect-production.s3.amazonaws.com/uploads/pictures/692d17db676b9b00015b75c8/picture",
        "crunchbase_url": null,
        "primary_domain": "accertify.com",
        "sic_codes": [
          "7375"
        ],
        "naics_codes": [
          "54151"
        ],
        "sanitized_phone": "+16307354400",
        "industry": "information technology & services",
        "estimated_num_employees": 820,
        "keywords": [
          "fraud management",
          "chargeback management",
          "payment gateway",
          "managed services",
          "professional services",
          "support services",
          "decision sciences",
          "machine learning",
          "behavioral analytics",
          "digital identity",
          "account takeover",
          "security",
          "credit cards",
          "fraud detection",
          "internet",
          "information technology",
          "software development",
          "transaction risk scoring",
          "user behavior analytics",
          "fraud detection for high-volume transactions",
          "risk management platform",
          "transaction monitoring",
          "tokenization",
          "e-commerce",
          "real-time decisioning",
          "innovation",
          "ai and machine learning",
          "risk signals monitoring",
          "e-commerce security",
          "community data signals",
          "customer journey security",
          "predictive fraud analytics",
          "community insights data",
          "operational efficiency",
          "deep expertise in fraud",
          "chargeback reduction",
          "gaming and betting fraud",
          "risk signal aggregation",
          "financial technology",
          "risk management",
          "online transaction security",
          "dynamic risk vectors",
          "risk management for airlines",
          "real-time fraud alerts",
          "b2b",
          "fraud pattern detection",
          "cybersecurity",
          "computer systems design and related services",
          "regulatory compliance",
          "financial services",
          "risk assessment",
          "multi-channel fraud detection",
          "retail",
          "adaptive risk models",
          "community insights",
          "community-driven fraud detection",
          "d2c",
          "customer authentication",
          "risk mitigation",
          "retail fraud prevention",
          "online fraud prevention",
          "digital risk solutions",
          "machine learning models",
          "multi-layered fraud strategy",
          "flexible risk controls",
          "dispute resolution",
          "identity verification",
          "fraud analytics",
          "security protocols",
          "customer experience",
          "digital identity verification",
          "account takeover protection",
          "ai model explainability",
          "artificial intelligence",
          "services",
          "sca compliance",
          "real-time analytics",
          "multi-industry risk solutions",
          "multi-layered security architecture",
          "fraud prevention",
          "ai-powered fraud detection",
          "travel",
          "adaptive fraud controls",
          "fraud scoring",
          "payment fraud",
          "payment security",
          "information technology and services",
          "risk signals",
          "b2c",
          "fraud prevention platform",
          "customer experience optimization",
          "api integration",
          "account protection",
          "payment optimization",
          "abuse protection",
          "multi-accounting fraud",
          "account takeover fraud",
          "fraudulent transactions",
          "ecommerce security",
          "data breaches",
          "policy automation",
          "reporting tools",
          "sca optimization",
          "compliance management",
          "dispute management",
          "self-managed solutions",
          "fully managed services",
          "return abuse prevention",
          "real-time risk decisioning",
          "customer identity verification",
          "seamless payment experience",
          "fraud risk strategy",
          "global payment solutions",
          "advisory services",
          "client success",
          "deep expertise",
          "predictive analytics",
          "risk management solutions",
          "fraud prevention technology",
          "flexible controls",
          "customer insights",
          "data-driven decisions",
          "financial transactions security",
          "consumer protection",
          "dynamic risk management",
          "chargeback process automation",
          "integration solutions",
          "scalable technology",
          "cross-border transactions",
          "transaction authorization",
          "finance",
          "consumer products & retail",
          "transportation & logistics",
          "professional training & coaching",
          "information technology & services",
          "computer & network security",
          "consumer internet",
          "consumers",
          "finance technology",
          "conflict resolution",
          "analytics",
          "enterprise software",
          "enterprises",
          "computer software"
        ],
        "organization_revenue_printed": "35.5M",
        "organization_revenue": 35500000.0,
        "industries": [
          "information technology & services",
          "internet",
          "computer & network security"
        ],
        "secondary_industries": [
          "internet",
          "computer & network security"
        ],
        "snippets_loaded": true,
        "industry_tag_id": "5567cd4773696439b10b0000",
        "industry_tag_hash": {
          "information technology & services": "5567cd4773696439b10b0000",
          "internet": "5567cd4d736964397e020000",
          "computer & network security": "5567cd877369644cf94b0000"
        },
        "retail_location_count": 0,
        "raw_address": "2 Pierce Place, Suite 900, Itasca, IL 60143, US",
        "street_address": "2 Pierce Place",
        "city": "Itasca",
        "state": "Illinois",
        "postal_code": "60143",
        "country": "United States",
        "organization_headcount_six_month_growth": null,
        "organization_headcount_twelve_month_growth": null,
        "organization_headcount_twenty_four_month_growth": null
      },
      "departments": [],
      "subdepartments": [],
      "seniority": "manager",
      "functions": [],
      "intent_strength": null,
      "show_intent": false,
      "email_domain_catchall": false,
      "revealed_for_current_team": true
    },
    {
      "id": "5e8d15240d8e1b0001323569",
      "first_name": "Jenny",
      "last_name": "Vuong",
      "name": "Jenny Vuong",
      "linkedin_url": "http://www.linkedin.com/in/jenny-vuong-",
      "title": "Software Engineer",
      "email_status": "verified",
      "photo_url": "https://static.licdn.com/aero-v1/sc/h/9c8pery4andzj6ohjkjp54ma2",
      "twitter_url": null,
      "github_url": null,
      "facebook_url": null,
      "extrapolated_email_confidence": null,
      "headline": "Software Engineer at Accertify, Inc.",
      "email": "email_not_unlocked@domain.com",
      "organization_id": "54a126b069702d8cfc105f00",
      "street_address": "",
      "city": "Chicago",
      "state": "Illinois",
      "country": "United States",
      "postal_code": null,
      "formatted_address": "Chicago, IL, USA",
      "time_zone": "America/Chicago",
      "organization": {
        "id": "54a126b069702d8cfc105f00",
        "name": "Accertify, Inc.",
        "website_url": "http://www.accertify.com",
        "blog_url": null,
        "angellist_url": "http://angel.co/accertify",
        "linkedin_url": "http://www.linkedin.com/company/accertify-inc-",
        "twitter_url": "https://twitter.com/accertifyinc",
        "facebook_url": "https://facebook.com/accertifysolutions/",
        "primary_phone": {
          "number": "+1 630-735-4400",
          "source": "Owler",
          "sanitized_number": "+16307354400"
        },
        "languages": [
          "English",
          "German",
          "French"
        ],
        "alexa_ranking": 589488,
        "phone": "+1 630-735-4400",
        "linkedin_uid": "339806",
        "founded_year": 2007,
        "publicly_traded_symbol": null,
        "publicly_traded_exchange": null,
        "logo_url": "https://zenprospect-production.s3.amazonaws.com/uploads/pictures/692d17db676b9b00015b75c8/picture",
        "crunchbase_url": null,
        "primary_domain": "accertify.com",
        "sic_codes": [
          "7375"
        ],
        "naics_codes": [
          "54151"
        ],
        "sanitized_phone": "+16307354400",
        "industry": "information technology & services",
        "estimated_num_employees": 820,
        "keywords": [
          "fraud management",
          "chargeback management",
          "payment gateway",
          "managed services",
          "professional services",
          "support services",
          "decision sciences",
          "machine learning",
          "behavioral analytics",
          "digital identity",
          "account takeover",
          "security",
          "credit cards",
          "fraud detection",
          "internet",
          "information technology",
          "software development",
          "transaction risk scoring",
          "user behavior analytics",
          "fraud detection for high-volume transactions",
          "risk management platform",
          "transaction monitoring",
          "tokenization",
          "e-commerce",
          "real-time decisioning",
          "innovation",
          "ai and machine learning",
          "risk signals monitoring",
          "e-commerce security",
          "community data signals",
          "customer journey security",
          "predictive fraud analytics",
          "community insights data",
          "operational efficiency",
          "deep expertise in fraud",
          "chargeback reduction",
          "gaming and betting fraud",
          "risk signal aggregation",
          "financial technology",
          "risk management",
          "online transaction security",
          "dynamic risk vectors",
          "risk management for airlines",
          "real-time fraud alerts",
          "b2b",
          "fraud pattern detection",
          "cybersecurity",
          "computer systems design and related services",
          "regulatory compliance",
          "financial services",
          "risk assessment",
          "multi-channel fraud detection",
          "retail",
          "adaptive risk models",
          "community insights",
          "community-driven fraud detection",
          "d2c",
          "customer authentication",
          "risk mitigation",
          "retail fraud prevention",
          "online fraud prevention",
          "digital risk solutions",
          "machine learning models",
          "multi-layered fraud strategy",
          "flexible risk controls",
          "dispute resolution",
          "identity verification",
          "fraud analytics",
          "security protocols",
          "customer experience",
          "digital identity verification",
          "account takeover protection",
          "ai model explainability",
          "artificial intelligence",
          "services",
          "sca compliance",
          "real-time analytics",
          "multi-industry risk solutions",
          "multi-layered security architecture",
          "fraud prevention",
          "ai-powered fraud detection",
          "travel",
          "adaptive fraud controls",
          "fraud scoring",
          "payment fraud",
          "payment security",
          "information technology and services",
          "risk signals",
          "b2c",
          "fraud prevention platform",
          "customer experience optimization",
          "api integration",
          "account protection",
          "payment optimization",
          "abuse protection",
          "multi-accounting fraud",
          "account takeover fraud",
          "fraudulent transactions",
          "ecommerce security",
          "data breaches",
          "policy automation",
          "reporting tools",
          "sca optimization",
          "compliance management",
          "dispute management",
          "self-managed solutions",
          "fully managed services",
          "return abuse prevention",
          "real-time risk decisioning",
          "customer identity verification",
          "seamless payment experience",
          "fraud risk strategy",
          "global payment solutions",
          "advisory services",
          "client success",
          "deep expertise",
          "predictive analytics",
          "risk management solutions",
          "fraud prevention technology",
          "flexible controls",
          "customer insights",
          "data-driven decisions",
          "financial transactions security",
          "consumer protection",
          "dynamic risk management",
          "chargeback process automation",
          "integration solutions",
          "scalable technology",
          "cross-border transactions",
          "transaction authorization",
          "finance",
          "consumer products & retail",
          "transportation & logistics",
          "professional training & coaching",
          "information technology & services",
          "computer & network security",
          "consumer internet",
          "consumers",
          "finance technology",
          "conflict resolution",
          "analytics",
          "enterprise software",
          "enterprises",
          "computer software"
        ],
        "organization_revenue_printed": "35.5M",
        "organization_revenue": 35500000.0,
        "industries": [
          "information technology & services",
          "internet",
          "computer & network security"
        ],
        "secondary_industries": [
          "internet",
          "computer & network security"
        ],
        "snippets_loaded": true,
        "industry_tag_id": "5567cd4773696439b10b0000",
        "industry_tag_hash": {
          "information technology & services": "5567cd4773696439b10b0000",
          "internet": "5567cd4d736964397e020000",
          "computer & network security": "5567cd877369644cf94b0000"
        },
        "retail_location_count": 0,
        "raw_address": "2 Pierce Place, Suite 900, Itasca, IL 60143, US",
        "street_address": "2 Pierce Place",
        "city": "Itasca",
        "state": "Illinois",
        "postal_code": "60143",
        "country": "United States",
        "organization_headcount_six_month_growth": null,
        "organization_headcount_twelve_month_growth": null,
        "organization_headcount_twenty_four_month_growth": null
      },
      "departments": [
        "master_engineering_technical"
      ],
      "subdepartments": [
        "engineering_technical",
        "software_development"
      ],
      "seniority": "entry",
      "functions": [
        "engineering"
      ],
      "intent_strength": null,
      "show_intent": false,
      "email_domain_catchall": false,
      "revealed_for_current_team": true
    },
    {
      "id": "62eb826f917f9f0001ea8204",
      "first_name": "Randeep",
      "last_name": "Singh",
      "name": "Randeep Singh",
      "linkedin_url": "http://www.linkedin.com/in/randeep-singh-042800135",
      "title": "Team Lead",
      "email_status": "verified",
      "photo_url": "https://static.licdn.com/aero-v1/sc/h/9c8pery4andzj6ohjkjp54ma2",
      "twitter_url": null,
      "github_url": null,
      "facebook_url": null,
      "extrapolated_email_confidence": null,
      "headline": "Attended Delhi University",
      "email": "email_not_unlocked@domain.com",
      "organization_id": "54a126b069702d8cfc105f00",
      "street_address": "",
      "city": "New Delhi",
      "state": "Delhi",
      "country": "India",
      "postal_code": null,
      "formatted_address": "West Delhi, Delhi, India",
      "time_zone": "Asia/Kolkata",
      "organization": {
        "id": "54a126b069702d8cfc105f00",
        "name": "Accertify, Inc.",
        "website_url": "http://www.accertify.com",
        "blog_url": null,
        "angellist_url": "http://angel.co/accertify",
        "linkedin_url": "http://www.linkedin.com/company/accertify-inc-",
        "twitter_url": "https://twitter.com/accertifyinc",
        "facebook_url": "https://facebook.com/accertifysolutions/",
        "primary_phone": {
          "number": "+1 630-735-4400",
          "source": "Owler",
          "sanitized_number": "+16307354400"
        },
        "languages": [
          "English",
          "German",
          "French"
        ],
        "alexa_ranking": 589488,
        "phone": "+1 630-735-4400",
        "linkedin_uid": "339806",
        "founded_year": 2007,
        "publicly_traded_symbol": null,
        "publicly_traded_exchange": null,
        "logo_url": "https://zenprospect-production.s3.amazonaws.com/uploads/pictures/692d17db676b9b00015b75c8/picture",
        "crunchbase_url": null,
        "primary_domain": "accertify.com",
        "sic_codes": [
          "7375"
        ],
        "naics_codes": [
          "54151"
        ],
        "sanitized_phone": "+16307354400",
        "industry": "information technology & services",
        "estimated_num_employees": 820,
        "keywords": [
          "fraud management",
          "chargeback management",
          "payment gateway",
          "managed services",
          "professional services",
          "support services",
          "decision sciences",
          "machine learning",
          "behavioral analytics",
          "digital identity",
          "account takeover",
          "security",
          "credit cards",
          "fraud detection",
          "internet",
          "information technology",
          "software development",
          "transaction risk scoring",
          "user behavior analytics",
          "fraud detection for high-volume transactions",
          "risk management platform",
          "transaction monitoring",
          "tokenization",
          "e-commerce",
          "real-time decisioning",
          "innovation",
          "ai and machine learning",
          "risk signals monitoring",
          "e-commerce security",
          "community data signals",
          "customer journey security",
          "predictive fraud analytics",
          "community insights data",
          "operational efficiency",
          "deep expertise in fraud",
          "chargeback reduction",
          "gaming and betting fraud",
          "risk signal aggregation",
          "financial technology",
          "risk management",
          "online transaction security",
          "dynamic risk vectors",
          "risk management for airlines",
          "real-time fraud alerts",
          "b2b",
          "fraud pattern detection",
          "cybersecurity",
          "computer systems design and related services",
          "regulatory compliance",
          "financial services",
          "risk assessment",
          "multi-channel fraud detection",
          "retail",
          "adaptive risk models",
          "community insights",
          "community-driven fraud detection",
          "d2c",
          "customer authentication",
          "risk mitigation",
          "retail fraud prevention",
          "online fraud prevention",
          "digital risk solutions",
          "machine learning models",
          "multi-layered fraud strategy",
          "flexible risk controls",
          "dispute resolution",
          "identity verification",
          "fraud analytics",
          "security protocols",
          "customer experience",
          "digital identity verification",
          "account takeover protection",
          "ai model explainability",
          "artificial intelligence",
          "services",
          "sca compliance",
          "real-time analytics",
          "multi-industry risk solutions",
          "multi-layered security architecture",
          "fraud prevention",
          "ai-powered fraud detection",
          "travel",
          "adaptive fraud controls",
          "fraud scoring",
          "payment fraud",
          "payment security",
          "information technology and services",
          "risk signals",
          "b2c",
          "fraud prevention platform",
          "customer experience optimization",
          "api integration",
          "account protection",
          "payment optimization",
          "abuse protection",
          "multi-accounting fraud",
          "account takeover fraud",
          "fraudulent transactions",
          "ecommerce security",
          "data breaches",
          "policy automation",
          "reporting tools",
          "sca optimization",
          "compliance management",
          "dispute management",
          "self-managed solutions",
          "fully managed services",
          "return abuse prevention",
          "real-time risk decisioning",
          "customer identity verification",
          "seamless payment experience",
          "fraud risk strategy",
          "global payment solutions",
          "advisory services",
          "client success",
          "deep expertise",
          "predictive analytics",
          "risk management solutions",
          "fraud prevention technology",
          "flexible controls",
          "customer insights",
          "data-driven decisions",
          "financial transactions security",
          "consumer protection",
          "dynamic risk management",
          "chargeback process automation",
          "integration solutions",
          "scalable technology",
          "cross-border transactions",
          "transaction authorization",
          "finance",
          "consumer products & retail",
          "transportation & logistics",
          "professional training & coaching",
          "information technology & services",
          "computer & network security",
          "consumer internet",
          "consumers",
          "finance technology",
          "conflict resolution",
          "analytics",
          "enterprise software",
          "enterprises",
          "computer software"
        ],
        "organization_revenue_printed": "35.5M",
        "organization_revenue": 35500000.0,
        "industries": [
          "information technology & services",
          "internet",
          "computer & network security"
        ],
        "secondary_industries": [
          "internet",
          "computer & network security"
        ],
        "snippets_loaded": true,
        "industry_tag_id": "5567cd4773696439b10b0000",
        "industry_tag_hash": {
          "information technology & services": "5567cd4773696439b10b0000",
          "internet": "5567cd4d736964397e020000",
          "computer & network security": "5567cd877369644cf94b0000"
        },
        "retail_location_count": 0,
        "raw_address": "2 Pierce Place, Suite 900, Itasca, IL 60143, US",
        "street_address": "2 Pierce Place",
        "city": "Itasca",
        "state": "Illinois",
        "postal_code": "60143",
        "country": "United States",
        "organization_headcount_six_month_growth": null,
        "organization_headcount_twelve_month_growth": null,
        "organization_headcount_twenty_four_month_growth": null
      },
      "departments": [],
      "subdepartments": [],
      "seniority": "manager",
      "functions": [],
      "intent_strength": null,
      "show_intent": false,
      "email_domain_catchall": false,
      "revealed_for_current_team": true
    },
    {
      "id": "5fcdc289d047180001585285",
      "first_name": "Vikas",
      "last_name": "Verma",
      "name": "Vikas Verma",
      "linkedin_url": "http://www.linkedin.com/in/vikas-verma-4190b4109",
      "title": "Team Lead",
      "email_status": "extrapolated",
      "photo_url": "https://media.licdn.com/dms/image/v2/D4D03AQG8zRYAVSkyAQ/profile-displayphoto-shrink_200_200/profile-displayphoto-shrink_200_200/0/1702560956289?e=2147483647&v=beta&t=tna1GsJBagjsWqHy8EKdusKz1ScYWAzvgARBoJ2i8xo",
      "twitter_url": null,
      "github_url": null,
      "facebook_url": null,
      "extrapolated_email_confidence": 0.7,
      "headline": "Team Lead| Fraud Prevention and Detection | Accertify | Ex-American Express| Ex-Amazonion",
      "email": "vverma@accertify.com",
      "organization_id": "54a126b069702d8cfc105f00",
      "street_address": "",
      "city": "New Delhi",
      "state": "Delhi",
      "country": "India",
      "postal_code": null,
      "formatted_address": "West Delhi, Delhi, India",
      "time_zone": "Asia/Kolkata",
      "organization": {
        "id": "54a126b069702d8cfc105f00",
        "name": "Accertify, Inc.",
        "website_url": "http://www.accertify.com",
        "blog_url": null,
        "angellist_url": "http://angel.co/accertify",
        "linkedin_url": "http://www.linkedin.com/company/accertify-inc-",
        "twitter_url": "https://twitter.com/accertifyinc",
        "facebook_url": "https://facebook.com/accertifysolutions/",
        "primary_phone": {
          "number": "+1 630-735-4400",
          "source": "Owler",
          "sanitized_number": "+16307354400"
        },
        "languages": [
          "English",
          "German",
          "French"
        ],
        "alexa_ranking": 589488,
        "phone": "+1 630-735-4400",
        "linkedin_uid": "339806",
        "founded_year": 2007,
        "publicly_traded_symbol": null,
        "publicly_traded_exchange": null,
        "logo_url": "https://zenprospect-production.s3.amazonaws.com/uploads/pictures/692d17db676b9b00015b75c8/picture",
        "crunchbase_url": null,
        "primary_domain": "accertify.com",
        "sic_codes": [
          "7375"
        ],
        "naics_codes": [
          "54151"
        ],
        "sanitized_phone": "+16307354400",
        "industry": "information technology & services",
        "estimated_num_employees": 820,
        "keywords": [
          "fraud management",
          "chargeback management",
          "payment gateway",
          "managed services",
          "professional services",
          "support services",
          "decision sciences",
          "machine learning",
          "behavioral analytics",
          "digital identity",
          "account takeover",
          "security",
          "credit cards",
          "fraud detection",
          "internet",
          "information technology",
          "software development",
          "transaction risk scoring",
          "user behavior analytics",
          "fraud detection for high-volume transactions",
          "risk management platform",
          "transaction monitoring",
          "tokenization",
          "e-commerce",
          "real-time decisioning",
          "innovation",
          "ai and machine learning",
          "risk signals monitoring",
          "e-commerce security",
          "community data signals",
          "customer journey security",
          "predictive fraud analytics",
          "community insights data",
          "operational efficiency",
          "deep expertise in fraud",
          "chargeback reduction",
          "gaming and betting fraud",
          "risk signal aggregation",
          "financial technology",
          "risk management",
          "online transaction security",
          "dynamic risk vectors",
          "risk management for airlines",
          "real-time fraud alerts",
          "b2b",
          "fraud pattern detection",
          "cybersecurity",
          "computer systems design and related services",
          "regulatory compliance",
          "financial services",
          "risk assessment",
          "multi-channel fraud detection",
          "retail",
          "adaptive risk models",
          "community insights",
          "community-driven fraud detection",
          "d2c",
          "customer authentication",
          "risk mitigation",
          "retail fraud prevention",
          "online fraud prevention",
          "digital risk solutions",
          "machine learning models",
          "multi-layered fraud strategy",
          "flexible risk controls",
          "dispute resolution",
          "identity verification",
          "fraud analytics",
          "security protocols",
          "customer experience",
          "digital identity verification",
          "account takeover protection",
          "ai model explainability",
          "artificial intelligence",
          "services",
          "sca compliance",
          "real-time analytics",
          "multi-industry risk solutions",
          "multi-layered security architecture",
          "fraud prevention",
          "ai-powered fraud detection",
          "travel",
          "adaptive fraud controls",
          "fraud scoring",
          "payment fraud",
          "payment security",
          "information technology and services",
          "risk signals",
          "b2c",
          "fraud prevention platform",
          "customer experience optimization",
          "api integration",
          "account protection",
          "payment optimization",
          "abuse protection",
          "multi-accounting fraud",
          "account takeover fraud",
          "fraudulent transactions",
          "ecommerce security",
          "data breaches",
          "policy automation",
          "reporting tools",
          "sca optimization",
          "compliance management",
          "dispute management",
          "self-managed solutions",
          "fully managed services",
          "return abuse prevention",
          "real-time risk decisioning",
          "customer identity verification",
          "seamless payment experience",
          "fraud risk strategy",
          "global payment solutions",
          "advisory services",
          "client success",
          "deep expertise",
          "predictive analytics",
          "risk management solutions",
          "fraud prevention technology",
          "flexible controls",
          "customer insights",
          "data-driven decisions",
          "financial transactions security",
          "consumer protection",
          "dynamic risk management",
          "chargeback process automation",
          "integration solutions",
          "scalable technology",
          "cross-border transactions",
          "transaction authorization",
          "finance",
          "consumer products & retail",
          "transportation & logistics",
          "professional training & coaching",
          "information technology & services",
          "computer & network security",
          "consumer internet",
          "consumers",
          "finance technology",
          "conflict resolution",
          "analytics",
          "enterprise software",
          "enterprises",
          "computer software"
        ],
        "organization_revenue_printed": "35.5M",
        "organization_revenue": 35500000.0,
        "industries": [
          "information technology & services",
          "internet",
          "computer & network security"
        ],
        "secondary_industries": [
          "internet",
          "computer & network security"
        ],
        "snippets_loaded": true,
        "industry_tag_id": "5567cd4773696439b10b0000",
        "industry_tag_hash": {
          "information technology & services": "5567cd4773696439b10b0000",
          "internet": "5567cd4d736964397e020000",
          "computer & network security": "5567cd877369644cf94b0000"
        },
        "retail_location_count": 0,
        "raw_address": "2 Pierce Place, Suite 900, Itasca, IL 60143, US",
        "street_address": "2 Pierce Place",
        "city": "Itasca",
        "state": "Illinois",
        "postal_code": "60143",
        "country": "United States",
        "organization_headcount_six_month_growth": null,
        "organization_headcount_twelve_month_growth": null,
        "organization_headcount_twenty_four_month_growth": null
      },
      "departments": [],
      "subdepartments": [],
      "seniority": "manager",
      "functions": [],
      "intent_strength": null,
      "show_intent": false,
      "email_domain_catchall": false,
      "revealed_for_current_team": true
    },
    {
      "id": "65164a7703928b000190eadc",
      "first_name": "Jeffrey",
      "last_name": "Skiba",
      "name": "Jeffrey Skiba",
      "linkedin_url": "http://www.linkedin.com/in/jeffrey-skiba-65812a4",
      "title": "Model Implementation",
      "email_status": "verified",
      "photo_url": "https://static.licdn.com/aero-v1/sc/h/9c8pery4andzj6ohjkjp54ma2",
      "twitter_url": null,
      "github_url": null,
      "facebook_url": null,
      "extrapolated_email_confidence": null,
      "headline": "Manager - Model Implementation at Accertify, Inc.",
      "email": "email_not_unlocked@domain.com",
      "organization_id": "54a126b069702d8cfc105f00",
      "street_address": "",
      "city": "Springfield",
      "state": "Tennessee",
      "country": "United States",
      "postal_code": "37172",
      "formatted_address": "Springfield, TN 37172, USA",
      "time_zone": "America/Chicago",
      "organization": {
        "id": "54a126b069702d8cfc105f00",
        "name": "Accertify, Inc.",
        "website_url": "http://www.accertify.com",
        "blog_url": null,
        "angellist_url": "http://angel.co/accertify",
        "linkedin_url": "http://www.linkedin.com/company/accertify-inc-",
        "twitter_url": "https://twitter.com/accertifyinc",
        "facebook_url": "https://facebook.com/accertifysolutions/",
        "primary_phone": {
          "number": "+1 630-735-4400",
          "source": "Owler",
          "sanitized_number": "+16307354400"
        },
        "languages": [
          "English",
          "German",
          "French"
        ],
        "alexa_ranking": 589488,
        "phone": "+1 630-735-4400",
        "linkedin_uid": "339806",
        "founded_year": 2007,
        "publicly_traded_symbol": null,
        "publicly_traded_exchange": null,
        "logo_url": "https://zenprospect-production.s3.amazonaws.com/uploads/pictures/692d17db676b9b00015b75c8/picture",
        "crunchbase_url": null,
        "primary_domain": "accertify.com",
        "sic_codes": [
          "7375"
        ],
        "naics_codes": [
          "54151"
        ],
        "sanitized_phone": "+16307354400",
        "industry": "information technology & services",
        "estimated_num_employees": 820,
        "keywords": [
          "fraud management",
          "chargeback management",
          "payment gateway",
          "managed services",
          "professional services",
          "support services",
          "decision sciences",
          "machine learning",
          "behavioral analytics",
          "digital identity",
          "account takeover",
          "security",
          "credit cards",
          "fraud detection",
          "internet",
          "information technology",
          "software development",
          "transaction risk scoring",
          "user behavior analytics",
          "fraud detection for high-volume transactions",
          "risk management platform",
          "transaction monitoring",
          "tokenization",
          "e-commerce",
          "real-time decisioning",
          "innovation",
          "ai and machine learning",
          "risk signals monitoring",
          "e-commerce security",
          "community data signals",
          "customer journey security",
          "predictive fraud analytics",
          "community insights data",
          "operational efficiency",
          "deep expertise in fraud",
          "chargeback reduction",
          "gaming and betting fraud",
          "risk signal aggregation",
          "financial technology",
          "risk management",
          "online transaction security",
          "dynamic risk vectors",
          "risk management for airlines",
          "real-time fraud alerts",
          "b2b",
          "fraud pattern detection",
          "cybersecurity",
          "computer systems design and related services",
          "regulatory compliance",
          "financial services",
          "risk assessment",
          "multi-channel fraud detection",
          "retail",
          "adaptive risk models",
          "community insights",
          "community-driven fraud detection",
          "d2c",
          "customer authentication",
          "risk mitigation",
          "retail fraud prevention",
          "online fraud prevention",
          "digital risk solutions",
          "machine learning models",
          "multi-layered fraud strategy",
          "flexible risk controls",
          "dispute resolution",
          "identity verification",
          "fraud analytics",
          "security protocols",
          "customer experience",
          "digital identity verification",
          "account takeover protection",
          "ai model explainability",
          "artificial intelligence",
          "services",
          "sca compliance",
          "real-time analytics",
          "multi-industry risk solutions",
          "multi-layered security architecture",
          "fraud prevention",
          "ai-powered fraud detection",
          "travel",
          "adaptive fraud controls",
          "fraud scoring",
          "payment fraud",
          "payment security",
          "information technology and services",
          "risk signals",
          "b2c",
          "fraud prevention platform",
          "customer experience optimization",
          "api integration",
          "account protection",
          "payment optimization",
          "abuse protection",
          "multi-accounting fraud",
          "account takeover fraud",
          "fraudulent transactions",
          "ecommerce security",
          "data breaches",
          "policy automation",
          "reporting tools",
          "sca optimization",
          "compliance management",
          "dispute management",
          "self-managed solutions",
          "fully managed services",
          "return abuse prevention",
          "real-time risk decisioning",
          "customer identity verification",
          "seamless payment experience",
          "fraud risk strategy",
          "global payment solutions",
          "advisory services",
          "client success",
          "deep expertise",
          "predictive analytics",
          "risk management solutions",
          "fraud prevention technology",
          "flexible controls",
          "customer insights",
          "data-driven decisions",
          "financial transactions security",
          "consumer protection",
          "dynamic risk management",
          "chargeback process automation",
          "integration solutions",
          "scalable technology",
          "cross-border transactions",
          "transaction authorization",
          "finance",
          "consumer products & retail",
          "transportation & logistics",
          "professional training & coaching",
          "information technology & services",
          "computer & network security",
          "consumer internet",
          "consumers",
          "finance technology",
          "conflict resolution",
          "analytics",
          "enterprise software",
          "enterprises",
          "computer software"
        ],
        "organization_revenue_printed": "35.5M",
        "organization_revenue": 35500000.0,
        "industries": [
          "information technology & services",
          "internet",
          "computer & network security"
        ],
        "secondary_industries": [
          "internet",
          "computer & network security"
        ],
        "snippets_loaded": true,
        "industry_tag_id": "5567cd4773696439b10b0000",
        "industry_tag_hash": {
          "information technology & services": "5567cd4773696439b10b0000",
          "internet": "5567cd4d736964397e020000",
          "computer & network security": "5567cd877369644cf94b0000"
        },
        "retail_location_count": 0,
        "raw_address": "2 Pierce Place, Suite 900, Itasca, IL 60143, US",
        "street_address": "2 Pierce Place",
        "city": "Itasca",
        "state": "Illinois",
        "postal_code": "60143",
        "country": "United States",
        "organization_headcount_six_month_growth": null,
        "organization_headcount_twelve_month_growth": null,
        "organization_headcount_twenty_four_month_growth": null
      },
      "departments": [],
      "subdepartments": [],
      "seniority": "entry",
      "functions": [],
      "intent_strength": null,
      "show_intent": false,
      "email_domain_catchall": false,
      "revealed_for_current_team": true
    },
    {
      "id": "60003a6012aeb100019e991d",
      "first_name": "Ishita",
      "last_name": "Baidya",
      "name": "Ishita Baidya",
      "linkedin_url": "http://www.linkedin.com/in/ishita-baidya-160689164",
      "title": "Quality Assurance Specialist",
      "email_status": "verified",
      "photo_url": "https://media.licdn.com/dms/image/v2/D4D03AQFgcXHsDP7lUQ/profile-displayphoto-shrink_200_200/profile-displayphoto-shrink_200_200/0/1667014271557?e=2147483647&v=beta&t=Kl7o3qtoBGfbzHD7hfC2Ic77nmXZ0rXuixOmSp9dxy4",
      "twitter_url": null,
      "github_url": null,
      "facebook_url": null,
      "extrapolated_email_confidence": null,
      "headline": "Quality Assurance Analyst- @Accertify (American Express), Ex- Analyst-HOI, Better Mortgage, Ex- Business Development Executive Jaro Education",
      "email": "email_not_unlocked@domain.com",
      "organization_id": "54a126b069702d8cfc105f00",
      "street_address": "",
      "city": "Kolkata",
      "state": "West Bengal",
      "country": "India",
      "postal_code": null,
      "formatted_address": "Kolkata, West Bengal, India",
      "time_zone": "Asia/Kolkata",
      "organization": {
        "id": "54a126b069702d8cfc105f00",
        "name": "Accertify, Inc.",
        "website_url": "http://www.accertify.com",
        "blog_url": null,
        "angellist_url": "http://angel.co/accertify",
        "linkedin_url": "http://www.linkedin.com/company/accertify-inc-",
        "twitter_url": "https://twitter.com/accertifyinc",
        "facebook_url": "https://facebook.com/accertifysolutions/",
        "primary_phone": {
          "number": "+1 630-735-4400",
          "source": "Owler",
          "sanitized_number": "+16307354400"
        },
        "languages": [
          "English",
          "German",
          "French"
        ],
        "alexa_ranking": 589488,
        "phone": "+1 630-735-4400",
        "linkedin_uid": "339806",
        "founded_year": 2007,
        "publicly_traded_symbol": null,
        "publicly_traded_exchange": null,
        "logo_url": "https://zenprospect-production.s3.amazonaws.com/uploads/pictures/692d17db676b9b00015b75c8/picture",
        "crunchbase_url": null,
        "primary_domain": "accertify.com",
        "sic_codes": [
          "7375"
        ],
        "naics_codes": [
          "54151"
        ],
        "sanitized_phone": "+16307354400",
        "industry": "information technology & services",
        "estimated_num_employees": 820,
        "keywords": [
          "fraud management",
          "chargeback management",
          "payment gateway",
          "managed services",
          "professional services",
          "support services",
          "decision sciences",
          "machine learning",
          "behavioral analytics",
          "digital identity",
          "account takeover",
          "security",
          "credit cards",
          "fraud detection",
          "internet",
          "information technology",
          "software development",
          "transaction risk scoring",
          "user behavior analytics",
          "fraud detection for high-volume transactions",
          "risk management platform",
          "transaction monitoring",
          "tokenization",
          "e-commerce",
          "real-time decisioning",
          "innovation",
          "ai and machine learning",
          "risk signals monitoring",
          "e-commerce security",
          "community data signals",
          "customer journey security",
          "predictive fraud analytics",
          "community insights data",
          "operational efficiency",
          "deep expertise in fraud",
          "chargeback reduction",
          "gaming and betting fraud",
          "risk signal aggregation",
          "financial technology",
          "risk management",
          "online transaction security",
          "dynamic risk vectors",
          "risk management for airlines",
          "real-time fraud alerts",
          "b2b",
          "fraud pattern detection",
          "cybersecurity",
          "computer systems design and related services",
          "regulatory compliance",
          "financial services",
          "risk assessment",
          "multi-channel fraud detection",
          "retail",
          "adaptive risk models",
          "community insights",
          "community-driven fraud detection",
          "d2c",
          "customer authentication",
          "risk mitigation",
          "retail fraud prevention",
          "online fraud prevention",
          "digital risk solutions",
          "machine learning models",
          "multi-layered fraud strategy",
          "flexible risk controls",
          "dispute resolution",
          "identity verification",
          "fraud analytics",
          "security protocols",
          "customer experience",
          "digital identity verification",
          "account takeover protection",
          "ai model explainability",
          "artificial intelligence",
          "services",
          "sca compliance",
          "real-time analytics",
          "multi-industry risk solutions",
          "multi-layered security architecture",
          "fraud prevention",
          "ai-powered fraud detection",
          "travel",
          "adaptive fraud controls",
          "fraud scoring",
          "payment fraud",
          "payment security",
          "information technology and services",
          "risk signals",
          "b2c",
          "fraud prevention platform",
          "customer experience optimization",
          "api integration",
          "account protection",
          "payment optimization",
          "abuse protection",
          "multi-accounting fraud",
          "account takeover fraud",
          "fraudulent transactions",
          "ecommerce security",
          "data breaches",
          "policy automation",
          "reporting tools",
          "sca optimization",
          "compliance management",
          "dispute management",
          "self-managed solutions",
          "fully managed services",
          "return abuse prevention",
          "real-time risk decisioning",
          "customer identity verification",
          "seamless payment experience",
          "fraud risk strategy",
          "global payment solutions",
          "advisory services",
          "client success",
          "deep expertise",
          "predictive analytics",
          "risk management solutions",
          "fraud prevention technology",
          "flexible controls",
          "customer insights",
          "data-driven decisions",
          "financial transactions security",
          "consumer protection",
          "dynamic risk management",
          "chargeback process automation",
          "integration solutions",
          "scalable technology",
          "cross-border transactions",
          "transaction authorization",
          "finance",
          "consumer products & retail",
          "transportation & logistics",
          "professional training & coaching",
          "information technology & services",
          "computer & network security",
          "consumer internet",
          "consumers",
          "finance technology",
          "conflict resolution",
          "analytics",
          "enterprise software",
          "enterprises",
          "computer software"
        ],
        "organization_revenue_printed": "35.5M",
        "organization_revenue": 35500000.0,
        "industries": [
          "information technology & services",
          "internet",
          "computer & network security"
        ],
        "secondary_industries": [
          "internet",
          "computer & network security"
        ],
        "snippets_loaded": true,
        "industry_tag_id": "5567cd4773696439b10b0000",
        "industry_tag_hash": {
          "information technology & services": "5567cd4773696439b10b0000",
          "internet": "5567cd4d736964397e020000",
          "computer & network security": "5567cd877369644cf94b0000"
        },
        "retail_location_count": 0,
        "raw_address": "2 Pierce Place, Suite 900, Itasca, IL 60143, US",
        "street_address": "2 Pierce Place",
        "city": "Itasca",
        "state": "Illinois",
        "postal_code": "60143",
        "country": "United States",
        "organization_headcount_six_month_growth": null,
        "organization_headcount_twelve_month_growth": null,
        "organization_headcount_twenty_four_month_growth": null
      },
      "departments": [
        "master_engineering_technical",
        "master_information_technology"
      ],
      "subdepartments": [
        "engineering_technical",
        "test_quality_assurance",
        "quality_assurance"
      ],
      "seniority": "entry",
      "functions": [],
      "intent_strength": null,
      "show_intent": false,
      "email_domain_catchall": false,
      "revealed_for_current_team": true
    },
    {
      "id": "68304ce170fbe10001ec52ee",
      "first_name": "Khushi",
      "last_name": "Mehrotra",
      "name": "Khushi Mehrotra",
      "linkedin_url": "http://www.linkedin.com/in/khushi-mehrotra-8541bb215",
      "title": "Fraud Analyst",
      "email_status": "verified",
      "photo_url": "https://media.licdn.com/dms/image/v2/D4E03AQFMFE2V1BftBg/profile-displayphoto-scale_200_200/B4EZlJDl4pKwAY-/0/1757867304275?e=2147483647&v=beta&t=NS-ZUT3l8HbVnfU1-Dm1I8rR1EHylONmnpST5JgRYyI",
      "twitter_url": null,
      "github_url": null,
      "facebook_url": null,
      "extrapolated_email_confidence": null,
      "headline": "Fraud Analyst",
      "email": "email_not_unlocked@domain.com",
      "organization_id": "54a126b069702d8cfc105f00",
      "street_address": "",
      "city": "New Delhi",
      "state": "Delhi",
      "country": "India",
      "postal_code": null,
      "formatted_address": "Delhi, India",
      "time_zone": "Asia/Kolkata",
      "organization": {
        "id": "54a126b069702d8cfc105f00",
        "name": "Accertify, Inc.",
        "website_url": "http://www.accertify.com",
        "blog_url": null,
        "angellist_url": "http://angel.co/accertify",
        "linkedin_url": "http://www.linkedin.com/company/accertify-inc-",
        "twitter_url": "https://twitter.com/accertifyinc",
        "facebook_url": "https://facebook.com/accertifysolutions/",
        "primary_phone": {
          "number": "+1 630-735-4400",
          "source": "Owler",
          "sanitized_number": "+16307354400"
        },
        "languages": [
          "English",
          "German",
          "French"
        ],
        "alexa_ranking": 589488,
        "phone": "+1 630-735-4400",
        "linkedin_uid": "339806",
        "founded_year": 2007,
        "publicly_traded_symbol": null,
        "publicly_traded_exchange": null,
        "logo_url": "https://zenprospect-production.s3.amazonaws.com/uploads/pictures/692d17db676b9b00015b75c8/picture",
        "crunchbase_url": null,
        "primary_domain": "accertify.com",
        "sic_codes": [
          "7375"
        ],
        "naics_codes": [
          "54151"
        ],
        "sanitized_phone": "+16307354400",
        "industry": "information technology & services",
        "estimated_num_employees": 820,
        "keywords": [
          "fraud management",
          "chargeback management",
          "payment gateway",
          "managed services",
          "professional services",
          "support services",
          "decision sciences",
          "machine learning",
          "behavioral analytics",
          "digital identity",
          "account takeover",
          "security",
          "credit cards",
          "fraud detection",
          "internet",
          "information technology",
          "software development",
          "transaction risk scoring",
          "user behavior analytics",
          "fraud detection for high-volume transactions",
          "risk management platform",
          "transaction monitoring",
          "tokenization",
          "e-commerce",
          "real-time decisioning",
          "innovation",
          "ai and machine learning",
          "risk signals monitoring",
          "e-commerce security",
          "community data signals",
          "customer journey security",
          "predictive fraud analytics",
          "community insights data",
          "operational efficiency",
          "deep expertise in fraud",
          "chargeback reduction",
          "gaming and betting fraud",
          "risk signal aggregation",
          "financial technology",
          "risk management",
          "online transaction security",
          "dynamic risk vectors",
          "risk management for airlines",
          "real-time fraud alerts",
          "b2b",
          "fraud pattern detection",
          "cybersecurity",
          "computer systems design and related services",
          "regulatory compliance",
          "financial services",
          "risk assessment",
          "multi-channel fraud detection",
          "retail",
          "adaptive risk models",
          "community insights",
          "community-driven fraud detection",
          "d2c",
          "customer authentication",
          "risk mitigation",
          "retail fraud prevention",
          "online fraud prevention",
          "digital risk solutions",
          "machine learning models",
          "multi-layered fraud strategy",
          "flexible risk controls",
          "dispute resolution",
          "identity verification",
          "fraud analytics",
          "security protocols",
          "customer experience",
          "digital identity verification",
          "account takeover protection",
          "ai model explainability",
          "artificial intelligence",
          "services",
          "sca compliance",
          "real-time analytics",
          "multi-industry risk solutions",
          "multi-layered security architecture",
          "fraud prevention",
          "ai-powered fraud detection",
          "travel",
          "adaptive fraud controls",
          "fraud scoring",
          "payment fraud",
          "payment security",
          "information technology and services",
          "risk signals",
          "b2c",
          "fraud prevention platform",
          "customer experience optimization",
          "api integration",
          "account protection",
          "payment optimization",
          "abuse protection",
          "multi-accounting fraud",
          "account takeover fraud",
          "fraudulent transactions",
          "ecommerce security",
          "data breaches",
          "policy automation",
          "reporting tools",
          "sca optimization",
          "compliance management",
          "dispute management",
          "self-managed solutions",
          "fully managed services",
          "return abuse prevention",
          "real-time risk decisioning",
          "customer identity verification",
          "seamless payment experience",
          "fraud risk strategy",
          "global payment solutions",
          "advisory services",
          "client success",
          "deep expertise",
          "predictive analytics",
          "risk management solutions",
          "fraud prevention technology",
          "flexible controls",
          "customer insights",
          "data-driven decisions",
          "financial transactions security",
          "consumer protection",
          "dynamic risk management",
          "chargeback process automation",
          "integration solutions",
          "scalable technology",
          "cross-border transactions",
          "transaction authorization",
          "finance",
          "consumer products & retail",
          "transportation & logistics",
          "professional training & coaching",
          "information technology & services",
          "computer & network security",
          "consumer internet",
          "consumers",
          "finance technology",
          "conflict resolution",
          "analytics",
          "enterprise software",
          "enterprises",
          "computer software"
        ],
        "organization_revenue_printed": "35.5M",
        "organization_revenue": 35500000.0,
        "industries": [
          "information technology & services",
          "internet",
          "computer & network security"
        ],
        "secondary_industries": [
          "internet",
          "computer & network security"
        ],
        "snippets_loaded": true,
        "industry_tag_id": "5567cd4773696439b10b0000",
        "industry_tag_hash": {
          "information technology & services": "5567cd4773696439b10b0000",
          "internet": "5567cd4d736964397e020000",
          "computer & network security": "5567cd877369644cf94b0000"
        },
        "retail_location_count": 0,
        "raw_address": "2 Pierce Place, Suite 900, Itasca, IL 60143, US",
        "street_address": "2 Pierce Place",
        "city": "Itasca",
        "state": "Illinois",
        "postal_code": "60143",
        "country": "United States",
        "organization_headcount_six_month_growth": null,
        "organization_headcount_twelve_month_growth": null,
        "organization_headcount_twenty_four_month_growth": null
      },
      "departments": [],
      "subdepartments": [],
      "seniority": "entry",
      "functions": [],
      "intent_strength": null,
      "show_intent": false,
      "email_domain_catchall": false,
      "revealed_for_current_team": true
    },
    {
      "id": "54a415427468693b8cccef2a",
      "first_name": "Abhishek",
      "last_name": "Lodha",
      "name": "Abhishek Lodha",
      "linkedin_url": "http://www.linkedin.com/in/abhishek-lodha-23b81276",
      "title": "Senior Chargeback Analyst",
      "email_status": "verified",
      "photo_url": "https://media.licdn.com/dms/image/v2/C4D03AQELgs_-6t0hJA/profile-displayphoto-shrink_200_200/profile-displayphoto-shrink_200_200/0/1522907197918?e=2147483647&v=beta&t=2uBisSwVyhdxRzzt0o7m2gkro3Epj2--CqTrMkMeGp0",
      "twitter_url": null,
      "github_url": null,
      "facebook_url": null,
      "extrapolated_email_confidence": null,
      "headline": "Chargeback/Fraud Analyst at Accertify India Pvt Ltd",
      "email": "email_not_unlocked@domain.com",
      "organization_id": "54a126b069702d8cfc105f00",
      "street_address": "",
      "city": "New Delhi",
      "state": "Delhi",
      "country": "India",
      "postal_code": null,
      "formatted_address": "Delhi, India",
      "time_zone": "Asia/Kolkata",
      "organization": {
        "id": "54a126b069702d8cfc105f00",
        "name": "Accertify, Inc.",
        "website_url": "http://www.accertify.com",
        "blog_url": null,
        "angellist_url": "http://angel.co/accertify",
        "linkedin_url": "http://www.linkedin.com/company/accertify-inc-",
        "twitter_url": "https://twitter.com/accertifyinc",
        "facebook_url": "https://facebook.com/accertifysolutions/",
        "primary_phone": {
          "number": "+1 630-735-4400",
          "source": "Owler",
          "sanitized_number": "+16307354400"
        },
        "languages": [
          "English",
          "German",
          "French"
        ],
        "alexa_ranking": 589488,
        "phone": "+1 630-735-4400",
        "linkedin_uid": "339806",
        "founded_year": 2007,
        "publicly_traded_symbol": null,
        "publicly_traded_exchange": null,
        "logo_url": "https://zenprospect-production.s3.amazonaws.com/uploads/pictures/692d17db676b9b00015b75c8/picture",
        "crunchbase_url": null,
        "primary_domain": "accertify.com",
        "sic_codes": [
          "7375"
        ],
        "naics_codes": [
          "54151"
        ],
        "sanitized_phone": "+16307354400",
        "industry": "information technology & services",
        "estimated_num_employees": 820,
        "keywords": [
          "fraud management",
          "chargeback management",
          "payment gateway",
          "managed services",
          "professional services",
          "support services",
          "decision sciences",
          "machine learning",
          "behavioral analytics",
          "digital identity",
          "account takeover",
          "security",
          "credit cards",
          "fraud detection",
          "internet",
          "information technology",
          "software development",
          "transaction risk scoring",
          "user behavior analytics",
          "fraud detection for high-volume transactions",
          "risk management platform",
          "transaction monitoring",
          "tokenization",
          "e-commerce",
          "real-time decisioning",
          "innovation",
          "ai and machine learning",
          "risk signals monitoring",
          "e-commerce security",
          "community data signals",
          "customer journey security",
          "predictive fraud analytics",
          "community insights data",
          "operational efficiency",
          "deep expertise in fraud",
          "chargeback reduction",
          "gaming and betting fraud",
          "risk signal aggregation",
          "financial technology",
          "risk management",
          "online transaction security",
          "dynamic risk vectors",
          "risk management for airlines",
          "real-time fraud alerts",
          "b2b",
          "fraud pattern detection",
          "cybersecurity",
          "computer systems design and related services",
          "regulatory compliance",
          "financial services",
          "risk assessment",
          "multi-channel fraud detection",
          "retail",
          "adaptive risk models",
          "community insights",
          "community-driven fraud detection",
          "d2c",
          "customer authentication",
          "risk mitigation",
          "retail fraud prevention",
          "online fraud prevention",
          "digital risk solutions",
          "machine learning models",
          "multi-layered fraud strategy",
          "flexible risk controls",
          "dispute resolution",
          "identity verification",
          "fraud analytics",
          "security protocols",
          "customer experience",
          "digital identity verification",
          "account takeover protection",
          "ai model explainability",
          "artificial intelligence",
          "services",
          "sca compliance",
          "real-time analytics",
          "multi-industry risk solutions",
          "multi-layered security architecture",
          "fraud prevention",
          "ai-powered fraud detection",
          "travel",
          "adaptive fraud controls",
          "fraud scoring",
          "payment fraud",
          "payment security",
          "information technology and services",
          "risk signals",
          "b2c",
          "fraud prevention platform",
          "customer experience optimization",
          "api integration",
          "account protection",
          "payment optimization",
          "abuse protection",
          "multi-accounting fraud",
          "account takeover fraud",
          "fraudulent transactions",
          "ecommerce security",
          "data breaches",
          "policy automation",
          "reporting tools",
          "sca optimization",
          "compliance management",
          "dispute management",
          "self-managed solutions",
          "fully managed services",
          "return abuse prevention",
          "real-time risk decisioning",
          "customer identity verification",
          "seamless payment experience",
          "fraud risk strategy",
          "global payment solutions",
          "advisory services",
          "client success",
          "deep expertise",
          "predictive analytics",
          "risk management solutions",
          "fraud prevention technology",
          "flexible controls",
          "customer insights",
          "data-driven decisions",
          "financial transactions security",
          "consumer protection",
          "dynamic risk management",
          "chargeback process automation",
          "integration solutions",
          "scalable technology",
          "cross-border transactions",
          "transaction authorization",
          "finance",
          "consumer products & retail",
          "transportation & logistics",
          "professional training & coaching",
          "information technology & services",
          "computer & network security",
          "consumer internet",
          "consumers",
          "finance technology",
          "conflict resolution",
          "analytics",
          "enterprise software",
          "enterprises",
          "computer software"
        ],
        "organization_revenue_printed": "35.5M",
        "organization_revenue": 35500000.0,
        "industries": [
          "information technology & services",
          "internet",
          "computer & network security"
        ],
        "secondary_industries": [
          "internet",
          "computer & network security"
        ],
        "snippets_loaded": true,
        "industry_tag_id": "5567cd4773696439b10b0000",
        "industry_tag_hash": {
          "information technology & services": "5567cd4773696439b10b0000",
          "internet": "5567cd4d736964397e020000",
          "computer & network security": "5567cd877369644cf94b0000"
        },
        "retail_location_count": 0,
        "raw_address": "2 Pierce Place, Suite 900, Itasca, IL 60143, US",
        "street_address": "2 Pierce Place",
        "city": "Itasca",
        "state": "Illinois",
        "postal_code": "60143",
        "country": "United States",
        "organization_headcount_six_month_growth": null,
        "organization_headcount_twelve_month_growth": null,
        "organization_headcount_twenty_four_month_growth": null
      },
      "departments": [],
      "subdepartments": [],
      "seniority": "senior",
      "functions": [],
      "intent_strength": null,
      "show_intent": false,
      "email_domain_catchall": false,
      "revealed_for_current_team": true
    },
    {
      "id": "674032cdfdf4570001b8491a",
      "first_name": "Sumit",
      "last_name": "Kumar",
      "name": "Sumit Kumar",
      "linkedin_url": "http://www.linkedin.com/in/sumit-kumar-81124218b",
      "title": "Fraud Analyst",
      "email_status": "verified",
      "photo_url": "https://media.licdn.com/dms/image/v2/C5603AQFf7lmsFTid9Q/profile-displayphoto-shrink_200_200/profile-displayphoto-shrink_200_200/0/1637944450834?e=2147483647&v=beta&t=1eYns5Gn6G_gMq13cJGnTl_QoFvDSntpus7BpDRJpyE",
      "twitter_url": null,
      "github_url": null,
      "facebook_url": null,
      "extrapolated_email_confidence": null,
      "headline": "Fraud Analyst | NSS | NYKS | Creator - SavvybySumit",
      "email": "email_not_unlocked@domain.com",
      "organization_id": "54a126b069702d8cfc105f00",
      "street_address": "",
      "city": "Gurugram",
      "state": "Haryana",
      "country": "India",
      "postal_code": null,
      "formatted_address": "Gurugram, Haryana, India",
      "time_zone": "Asia/Kolkata",
      "organization": {
        "id": "54a126b069702d8cfc105f00",
        "name": "Accertify, Inc.",
        "website_url": "http://www.accertify.com",
        "blog_url": null,
        "angellist_url": "http://angel.co/accertify",
        "linkedin_url": "http://www.linkedin.com/company/accertify-inc-",
        "twitter_url": "https://twitter.com/accertifyinc",
        "facebook_url": "https://facebook.com/accertifysolutions/",
        "primary_phone": {
          "number": "+1 630-735-4400",
          "source": "Owler",
          "sanitized_number": "+16307354400"
        },
        "languages": [
          "English",
          "German",
          "French"
        ],
        "alexa_ranking": 589488,
        "phone": "+1 630-735-4400",
        "linkedin_uid": "339806",
        "founded_year": 2007,
        "publicly_traded_symbol": null,
        "publicly_traded_exchange": null,
        "logo_url": "https://zenprospect-production.s3.amazonaws.com/uploads/pictures/692d17db676b9b00015b75c8/picture",
        "crunchbase_url": null,
        "primary_domain": "accertify.com",
        "sic_codes": [
          "7375"
        ],
        "naics_codes": [
          "54151"
        ],
        "sanitized_phone": "+16307354400",
        "industry": "information technology & services",
        "estimated_num_employees": 820,
        "keywords": [
          "fraud management",
          "chargeback management",
          "payment gateway",
          "managed services",
          "professional services",
          "support services",
          "decision sciences",
          "machine learning",
          "behavioral analytics",
          "digital identity",
          "account takeover",
          "security",
          "credit cards",
          "fraud detection",
          "internet",
          "information technology",
          "software development",
          "transaction risk scoring",
          "user behavior analytics",
          "fraud detection for high-volume transactions",
          "risk management platform",
          "transaction monitoring",
          "tokenization",
          "e-commerce",
          "real-time decisioning",
          "innovation",
          "ai and machine learning",
          "risk signals monitoring",
          "e-commerce security",
          "community data signals",
          "customer journey security",
          "predictive fraud analytics",
          "community insights data",
          "operational efficiency",
          "deep expertise in fraud",
          "chargeback reduction",
          "gaming and betting fraud",
          "risk signal aggregation",
          "financial technology",
          "risk management",
          "online transaction security",
          "dynamic risk vectors",
          "risk management for airlines",
          "real-time fraud alerts",
          "b2b",
          "fraud pattern detection",
          "cybersecurity",
          "computer systems design and related services",
          "regulatory compliance",
          "financial services",
          "risk assessment",
          "multi-channel fraud detection",
          "retail",
          "adaptive risk models",
          "community insights",
          "community-driven fraud detection",
          "d2c",
          "customer authentication",
          "risk mitigation",
          "retail fraud prevention",
          "online fraud prevention",
          "digital risk solutions",
          "machine learning models",
          "multi-layered fraud strategy",
          "flexible risk controls",
          "dispute resolution",
          "identity verification",
          "fraud analytics",
          "security protocols",
          "customer experience",
          "digital identity verification",
          "account takeover protection",
          "ai model explainability",
          "artificial intelligence",
          "services",
          "sca compliance",
          "real-time analytics",
          "multi-industry risk solutions",
          "multi-layered security architecture",
          "fraud prevention",
          "ai-powered fraud detection",
          "travel",
          "adaptive fraud controls",
          "fraud scoring",
          "payment fraud",
          "payment security",
          "information technology and services",
          "risk signals",
          "b2c",
          "fraud prevention platform",
          "customer experience optimization",
          "api integration",
          "account protection",
          "payment optimization",
          "abuse protection",
          "multi-accounting fraud",
          "account takeover fraud",
          "fraudulent transactions",
          "ecommerce security",
          "data breaches",
          "policy automation",
          "reporting tools",
          "sca optimization",
          "compliance management",
          "dispute management",
          "self-managed solutions",
          "fully managed services",
          "return abuse prevention",
          "real-time risk decisioning",
          "customer identity verification",
          "seamless payment experience",
          "fraud risk strategy",
          "global payment solutions",
          "advisory services",
          "client success",
          "deep expertise",
          "predictive analytics",
          "risk management solutions",
          "fraud prevention technology",
          "flexible controls",
          "customer insights",
          "data-driven decisions",
          "financial transactions security",
          "consumer protection",
          "dynamic risk management",
          "chargeback process automation",
          "integration solutions",
          "scalable technology",
          "cross-border transactions",
          "transaction authorization",
          "finance",
          "consumer products & retail",
          "transportation & logistics",
          "professional training & coaching",
          "information technology & services",
          "computer & network security",
          "consumer internet",
          "consumers",
          "finance technology",
          "conflict resolution",
          "analytics",
          "enterprise software",
          "enterprises",
          "computer software"
        ],
        "organization_revenue_printed": "35.5M",
        "organization_revenue": 35500000.0,
        "industries": [
          "information technology & services",
          "internet",
          "computer & network security"
        ],
        "secondary_industries": [
          "internet",
          "computer & network security"
        ],
        "snippets_loaded": true,
        "industry_tag_id": "5567cd4773696439b10b0000",
        "industry_tag_hash": {
          "information technology & services": "5567cd4773696439b10b0000",
          "internet": "5567cd4d736964397e020000",
          "computer & network security": "5567cd877369644cf94b0000"
        },
        "retail_location_count": 0,
        "raw_address": "2 Pierce Place, Suite 900, Itasca, IL 60143, US",
        "street_address": "2 Pierce Place",
        "city": "Itasca",
        "state": "Illinois",
        "postal_code": "60143",
        "country": "United States",
        "organization_headcount_six_month_growth": null,
        "organization_headcount_twelve_month_growth": null,
        "organization_headcount_twenty_four_month_growth": null
      },
      "departments": [],
      "subdepartments": [],
      "seniority": "entry",
      "functions": [],
      "intent_strength": null,
      "show_intent": false,
      "email_domain_catchall": false,
      "revealed_for_current_team": true
    },
    {
      "id": "61690d53840b6f000102182c",
      "first_name": "Sakshi",
      "last_name": "Singh",
      "name": "Sakshi Singh",
      "linkedin_url": "http://www.linkedin.com/in/sakshi-singh-b497601b7",
      "title": "Data Analyst",
      "email_status": "verified",
      "photo_url": "https://media.licdn.com/dms/image/v2/D5603AQELuVCkCRTxAg/profile-displayphoto-shrink_200_200/profile-displayphoto-shrink_200_200/0/1714993981026?e=2147483647&v=beta&t=dGqQG0If0T8hoqcv9vYkeXihRxiIJQpZssKV0vR5RU4",
      "twitter_url": null,
      "github_url": null,
      "facebook_url": null,
      "extrapolated_email_confidence": null,
      "headline": "Data Analyst @Accertify | Power BI Specialist | Python | AI Enthusiast | Business Intelligence | AWS Certified SysOps Administrator | Cloud Analytics | Skilled in SQL, React.js, and Automation",
      "email": "email_not_unlocked@domain.com",
      "organization_id": "54a126b069702d8cfc105f00",
      "street_address": "",
      "city": "New Delhi",
      "state": "Delhi",
      "country": "India",
      "postal_code": "110001",
      "formatted_address": "New Delhi, Delhi 110001, India",
      "time_zone": "Asia/Kolkata",
      "organization": {
        "id": "54a126b069702d8cfc105f00",
        "name": "Accertify, Inc.",
        "website_url": "http://www.accertify.com",
        "blog_url": null,
        "angellist_url": "http://angel.co/accertify",
        "linkedin_url": "http://www.linkedin.com/company/accertify-inc-",
        "twitter_url": "https://twitter.com/accertifyinc",
        "facebook_url": "https://facebook.com/accertifysolutions/",
        "primary_phone": {
          "number": "+1 630-735-4400",
          "source": "Owler",
          "sanitized_number": "+16307354400"
        },
        "languages": [
          "English",
          "German",
          "French"
        ],
        "alexa_ranking": 589488,
        "phone": "+1 630-735-4400",
        "linkedin_uid": "339806",
        "founded_year": 2007,
        "publicly_traded_symbol": null,
        "publicly_traded_exchange": null,
        "logo_url": "https://zenprospect-production.s3.amazonaws.com/uploads/pictures/692d17db676b9b00015b75c8/picture",
        "crunchbase_url": null,
        "primary_domain": "accertify.com",
        "sic_codes": [
          "7375"
        ],
        "naics_codes": [
          "54151"
        ],
        "sanitized_phone": "+16307354400",
        "industry": "information technology & services",
        "estimated_num_employees": 820,
        "keywords": [
          "fraud management",
          "chargeback management",
          "payment gateway",
          "managed services",
          "professional services",
          "support services",
          "decision sciences",
          "machine learning",
          "behavioral analytics",
          "digital identity",
          "account takeover",
          "security",
          "credit cards",
          "fraud detection",
          "internet",
          "information technology",
          "software development",
          "transaction risk scoring",
          "user behavior analytics",
          "fraud detection for high-volume transactions",
          "risk management platform",
          "transaction monitoring",
          "tokenization",
          "e-commerce",
          "real-time decisioning",
          "innovation",
          "ai and machine learning",
          "risk signals monitoring",
          "e-commerce security",
          "community data signals",
          "customer journey security",
          "predictive fraud analytics",
          "community insights data",
          "operational efficiency",
          "deep expertise in fraud",
          "chargeback reduction",
          "gaming and betting fraud",
          "risk signal aggregation",
          "financial technology",
          "risk management",
          "online transaction security",
          "dynamic risk vectors",
          "risk management for airlines",
          "real-time fraud alerts",
          "b2b",
          "fraud pattern detection",
          "cybersecurity",
          "computer systems design and related services",
          "regulatory compliance",
          "financial services",
          "risk assessment",
          "multi-channel fraud detection",
          "retail",
          "adaptive risk models",
          "community insights",
          "community-driven fraud detection",
          "d2c",
          "customer authentication",
          "risk mitigation",
          "retail fraud prevention",
          "online fraud prevention",
          "digital risk solutions",
          "machine learning models",
          "multi-layered fraud strategy",
          "flexible risk controls",
          "dispute resolution",
          "identity verification",
          "fraud analytics",
          "security protocols",
          "customer experience",
          "digital identity verification",
          "account takeover protection",
          "ai model explainability",
          "artificial intelligence",
          "services",
          "sca compliance",
          "real-time analytics",
          "multi-industry risk solutions",
          "multi-layered security architecture",
          "fraud prevention",
          "ai-powered fraud detection",
          "travel",
          "adaptive fraud controls",
          "fraud scoring",
          "payment fraud",
          "payment security",
          "information technology and services",
          "risk signals",
          "b2c",
          "fraud prevention platform",
          "customer experience optimization",
          "api integration",
          "account protection",
          "payment optimization",
          "abuse protection",
          "multi-accounting fraud",
          "account takeover fraud",
          "fraudulent transactions",
          "ecommerce security",
          "data breaches",
          "policy automation",
          "reporting tools",
          "sca optimization",
          "compliance management",
          "dispute management",
          "self-managed solutions",
          "fully managed services",
          "return abuse prevention",
          "real-time risk decisioning",
          "customer identity verification",
          "seamless payment experience",
          "fraud risk strategy",
          "global payment solutions",
          "advisory services",
          "client success",
          "deep expertise",
          "predictive analytics",
          "risk management solutions",
          "fraud prevention technology",
          "flexible controls",
          "customer insights",
          "data-driven decisions",
          "financial transactions security",
          "consumer protection",
          "dynamic risk management",
          "chargeback process automation",
          "integration solutions",
          "scalable technology",
          "cross-border transactions",
          "transaction authorization",
          "finance",
          "consumer products & retail",
          "transportation & logistics",
          "professional training & coaching",
          "information technology & services",
          "computer & network security",
          "consumer internet",
          "consumers",
          "finance technology",
          "conflict resolution",
          "analytics",
          "enterprise software",
          "enterprises",
          "computer software"
        ],
        "organization_revenue_printed": "35.5M",
        "organization_revenue": 35500000.0,
        "industries": [
          "information technology & services",
          "internet",
          "computer & network security"
        ],
        "secondary_industries": [
          "internet",
          "computer & network security"
        ],
        "snippets_loaded": true,
        "industry_tag_id": "5567cd4773696439b10b0000",
        "industry_tag_hash": {
          "information technology & services": "5567cd4773696439b10b0000",
          "internet": "5567cd4d736964397e020000",
          "computer & network security": "5567cd877369644cf94b0000"
        },
        "retail_location_count": 0,
        "raw_address": "2 Pierce Place, Suite 900, Itasca, IL 60143, US",
        "street_address": "2 Pierce Place",
        "city": "Itasca",
        "state": "Illinois",
        "postal_code": "60143",
        "country": "United States",
        "organization_headcount_six_month_growth": null,
        "organization_headcount_twelve_month_growth": null,
        "organization_headcount_twenty_four_month_growth": null
      },
      "departments": [
        "master_engineering_technical"
      ],
      "subdepartments": [
        "data_science"
      ],
      "seniority": "entry",
      "functions": [
        "data_science"
      ],
      "intent_strength": null,
      "show_intent": false,
      "email_domain_catchall": false,
      "revealed_for_current_team": true
    },
    {
      "id": "64e69d17b962d70001daee74",
      "first_name": "Shikhar",
      "last_name": "Verma",
      "name": "Shikhar Verma",
      "linkedin_url": "http://www.linkedin.com/in/shikhar-saroj-verma-900315197",
      "title": "Data Scientist",
      "email_status": "verified",
      "photo_url": "https://media.licdn.com/dms/image/v2/D5603AQFbCaMBps02EA/profile-displayphoto-scale_200_200/B56ZoN5NLKJQAY-/0/1761169692924?e=2147483647&v=beta&t=UEE_CVkm1QFJEXu-olEcpuW2xNRYKJAOo_G6FJgcJS8",
      "twitter_url": null,
      "github_url": null,
      "facebook_url": null,
      "extrapolated_email_confidence": null,
      "headline": "Accertify | IITK",
      "email": "email_not_unlocked@domain.com",
      "organization_id": "54a126b069702d8cfc105f00",
      "street_address": "",
      "city": "Lucknow",
      "state": "Uttar Pradesh",
      "country": "India",
      "postal_code": "226002",
      "formatted_address": "Lucknow, Uttar Pradesh 226002, India",
      "time_zone": "Asia/Kolkata",
      "organization": {
        "id": "54a126b069702d8cfc105f00",
        "name": "Accertify, Inc.",
        "website_url": "http://www.accertify.com",
        "blog_url": null,
        "angellist_url": "http://angel.co/accertify",
        "linkedin_url": "http://www.linkedin.com/company/accertify-inc-",
        "twitter_url": "https://twitter.com/accertifyinc",
        "facebook_url": "https://facebook.com/accertifysolutions/",
        "primary_phone": {
          "number": "+1 630-735-4400",
          "source": "Owler",
          "sanitized_number": "+16307354400"
        },
        "languages": [
          "English",
          "German",
          "French"
        ],
        "alexa_ranking": 589488,
        "phone": "+1 630-735-4400",
        "linkedin_uid": "339806",
        "founded_year": 2007,
        "publicly_traded_symbol": null,
        "publicly_traded_exchange": null,
        "logo_url": "https://zenprospect-production.s3.amazonaws.com/uploads/pictures/692d17db676b9b00015b75c8/picture",
        "crunchbase_url": null,
        "primary_domain": "accertify.com",
        "sic_codes": [
          "7375"
        ],
        "naics_codes": [
          "54151"
        ],
        "sanitized_phone": "+16307354400",
        "industry": "information technology & services",
        "estimated_num_employees": 820,
        "keywords": [
          "fraud management",
          "chargeback management",
          "payment gateway",
          "managed services",
          "professional services",
          "support services",
          "decision sciences",
          "machine learning",
          "behavioral analytics",
          "digital identity",
          "account takeover",
          "security",
          "credit cards",
          "fraud detection",
          "internet",
          "information technology",
          "software development",
          "transaction risk scoring",
          "user behavior analytics",
          "fraud detection for high-volume transactions",
          "risk management platform",
          "transaction monitoring",
          "tokenization",
          "e-commerce",
          "real-time decisioning",
          "innovation",
          "ai and machine learning",
          "risk signals monitoring",
          "e-commerce security",
          "community data signals",
          "customer journey security",
          "predictive fraud analytics",
          "community insights data",
          "operational efficiency",
          "deep expertise in fraud",
          "chargeback reduction",
          "gaming and betting fraud",
          "risk signal aggregation",
          "financial technology",
          "risk management",
          "online transaction security",
          "dynamic risk vectors",
          "risk management for airlines",
          "real-time fraud alerts",
          "b2b",
          "fraud pattern detection",
          "cybersecurity",
          "computer systems design and related services",
          "regulatory compliance",
          "financial services",
          "risk assessment",
          "multi-channel fraud detection",
          "retail",
          "adaptive risk models",
          "community insights",
          "community-driven fraud detection",
          "d2c",
          "customer authentication",
          "risk mitigation",
          "retail fraud prevention",
          "online fraud prevention",
          "digital risk solutions",
          "machine learning models",
          "multi-layered fraud strategy",
          "flexible risk controls",
          "dispute resolution",
          "identity verification",
          "fraud analytics",
          "security protocols",
          "customer experience",
          "digital identity verification",
          "account takeover protection",
          "ai model explainability",
          "artificial intelligence",
          "services",
          "sca compliance",
          "real-time analytics",
          "multi-industry risk solutions",
          "multi-layered security architecture",
          "fraud prevention",
          "ai-powered fraud detection",
          "travel",
          "adaptive fraud controls",
          "fraud scoring",
          "payment fraud",
          "payment security",
          "information technology and services",
          "risk signals",
          "b2c",
          "fraud prevention platform",
          "customer experience optimization",
          "api integration",
          "account protection",
          "payment optimization",
          "abuse protection",
          "multi-accounting fraud",
          "account takeover fraud",
          "fraudulent transactions",
          "ecommerce security",
          "data breaches",
          "policy automation",
          "reporting tools",
          "sca optimization",
          "compliance management",
          "dispute management",
          "self-managed solutions",
          "fully managed services",
          "return abuse prevention",
          "real-time risk decisioning",
          "customer identity verification",
          "seamless payment experience",
          "fraud risk strategy",
          "global payment solutions",
          "advisory services",
          "client success",
          "deep expertise",
          "predictive analytics",
          "risk management solutions",
          "fraud prevention technology",
          "flexible controls",
          "customer insights",
          "data-driven decisions",
          "financial transactions security",
          "consumer protection",
          "dynamic risk management",
          "chargeback process automation",
          "integration solutions",
          "scalable technology",
          "cross-border transactions",
          "transaction authorization",
          "finance",
          "consumer products & retail",
          "transportation & logistics",
          "professional training & coaching",
          "information technology & services",
          "computer & network security",
          "consumer internet",
          "consumers",
          "finance technology",
          "conflict resolution",
          "analytics",
          "enterprise software",
          "enterprises",
          "computer software"
        ],
        "organization_revenue_printed": "35.5M",
        "organization_revenue": 35500000.0,
        "industries": [
          "information technology & services",
          "internet",
          "computer & network security"
        ],
        "secondary_industries": [
          "internet",
          "computer & network security"
        ],
        "snippets_loaded": true,
        "industry_tag_id": "5567cd4773696439b10b0000",
        "industry_tag_hash": {
          "information technology & services": "5567cd4773696439b10b0000",
          "internet": "5567cd4d736964397e020000",
          "computer & network security": "5567cd877369644cf94b0000"
        },
        "retail_location_count": 0,
        "raw_address": "2 Pierce Place, Suite 900, Itasca, IL 60143, US",
        "street_address": "2 Pierce Place",
        "city": "Itasca",
        "state": "Illinois",
        "postal_code": "60143",
        "country": "United States",
        "organization_headcount_six_month_growth": null,
        "organization_headcount_twelve_month_growth": null,
        "organization_headcount_twenty_four_month_growth": null
      },
      "departments": [
        "master_engineering_technical"
      ],
      "subdepartments": [
        "data_science",
        "research_development"
      ],
      "seniority": "entry",
      "functions": [
        "data_science"
      ],
      "intent_strength": null,
      "show_intent": false,
      "email_domain_catchall": false,
      "revealed_for_current_team": true
    },
    {
      "id": "61ea563cfcc72e0001d3ca3c",
      "first_name": "Vivek",
      "last_name": "Naithani",
      "name": "Vivek Naithani",
      "linkedin_url": "http://www.linkedin.com/in/vivek-naithani-37641218",
      "title": "Manager",
      "email_status": "verified",
      "photo_url": "https://media.licdn.com/dms/image/v2/D5603AQGQnjiKqxXmuA/profile-displayphoto-shrink_200_200/B56ZY.NfeDGoAY-/0/1744800447215?e=2147483647&v=beta&t=Voqt0hhr49jFRgQ9ygX3PVqSjXDpBvk482-rFP5PaW0",
      "twitter_url": null,
      "github_url": null,
      "facebook_url": null,
      "extrapolated_email_confidence": null,
      "headline": "Manager at Accertify, Inc",
      "email": "email_not_unlocked@domain.com",
      "organization_id": "54a126b069702d8cfc105f00",
      "street_address": "",
      "city": "New Delhi",
      "state": "Delhi",
      "country": "India",
      "postal_code": null,
      "formatted_address": "Delhi, India",
      "time_zone": "Asia/Kolkata",
      "organization": {
        "id": "54a126b069702d8cfc105f00",
        "name": "Accertify, Inc.",
        "website_url": "http://www.accertify.com",
        "blog_url": null,
        "angellist_url": "http://angel.co/accertify",
        "linkedin_url": "http://www.linkedin.com/company/accertify-inc-",
        "twitter_url": "https://twitter.com/accertifyinc",
        "facebook_url": "https://facebook.com/accertifysolutions/",
        "primary_phone": {
          "number": "+1 630-735-4400",
          "source": "Owler",
          "sanitized_number": "+16307354400"
        },
        "languages": [
          "English",
          "German",
          "French"
        ],
        "alexa_ranking": 589488,
        "phone": "+1 630-735-4400",
        "linkedin_uid": "339806",
        "founded_year": 2007,
        "publicly_traded_symbol": null,
        "publicly_traded_exchange": null,
        "logo_url": "https://zenprospect-production.s3.amazonaws.com/uploads/pictures/692d17db676b9b00015b75c8/picture",
        "crunchbase_url": null,
        "primary_domain": "accertify.com",
        "sic_codes": [
          "7375"
        ],
        "naics_codes": [
          "54151"
        ],
        "sanitized_phone": "+16307354400",
        "industry": "information technology & services",
        "estimated_num_employees": 820,
        "keywords": [
          "fraud management",
          "chargeback management",
          "payment gateway",
          "managed services",
          "professional services",
          "support services",
          "decision sciences",
          "machine learning",
          "behavioral analytics",
          "digital identity",
          "account takeover",
          "security",
          "credit cards",
          "fraud detection",
          "internet",
          "information technology",
          "software development",
          "transaction risk scoring",
          "user behavior analytics",
          "fraud detection for high-volume transactions",
          "risk management platform",
          "transaction monitoring",
          "tokenization",
          "e-commerce",
          "real-time decisioning",
          "innovation",
          "ai and machine learning",
          "risk signals monitoring",
          "e-commerce security",
          "community data signals",
          "customer journey security",
          "predictive fraud analytics",
          "community insights data",
          "operational efficiency",
          "deep expertise in fraud",
          "chargeback reduction",
          "gaming and betting fraud",
          "risk signal aggregation",
          "financial technology",
          "risk management",
          "online transaction security",
          "dynamic risk vectors",
          "risk management for airlines",
          "real-time fraud alerts",
          "b2b",
          "fraud pattern detection",
          "cybersecurity",
          "computer systems design and related services",
          "regulatory compliance",
          "financial services",
          "risk assessment",
          "multi-channel fraud detection",
          "retail",
          "adaptive risk models",
          "community insights",
          "community-driven fraud detection",
          "d2c",
          "customer authentication",
          "risk mitigation",
          "retail fraud prevention",
          "online fraud prevention",
          "digital risk solutions",
          "machine learning models",
          "multi-layered fraud strategy",
          "flexible risk controls",
          "dispute resolution",
          "identity verification",
          "fraud analytics",
          "security protocols",
          "customer experience",
          "digital identity verification",
          "account takeover protection",
          "ai model explainability",
          "artificial intelligence",
          "services",
          "sca compliance",
          "real-time analytics",
          "multi-industry risk solutions",
          "multi-layered security architecture",
          "fraud prevention",
          "ai-powered fraud detection",
          "travel",
          "adaptive fraud controls",
          "fraud scoring",
          "payment fraud",
          "payment security",
          "information technology and services",
          "risk signals",
          "b2c",
          "fraud prevention platform",
          "customer experience optimization",
          "api integration",
          "account protection",
          "payment optimization",
          "abuse protection",
          "multi-accounting fraud",
          "account takeover fraud",
          "fraudulent transactions",
          "ecommerce security",
          "data breaches",
          "policy automation",
          "reporting tools",
          "sca optimization",
          "compliance management",
          "dispute management",
          "self-managed solutions",
          "fully managed services",
          "return abuse prevention",
          "real-time risk decisioning",
          "customer identity verification",
          "seamless payment experience",
          "fraud risk strategy",
          "global payment solutions",
          "advisory services",
          "client success",
          "deep expertise",
          "predictive analytics",
          "risk management solutions",
          "fraud prevention technology",
          "flexible controls",
          "customer insights",
          "data-driven decisions",
          "financial transactions security",
          "consumer protection",
          "dynamic risk management",
          "chargeback process automation",
          "integration solutions",
          "scalable technology",
          "cross-border transactions",
          "transaction authorization",
          "finance",
          "consumer products & retail",
          "transportation & logistics",
          "professional training & coaching",
          "information technology & services",
          "computer & network security",
          "consumer internet",
          "consumers",
          "finance technology",
          "conflict resolution",
          "analytics",
          "enterprise software",
          "enterprises",
          "computer software"
        ],
        "organization_revenue_printed": "35.5M",
        "organization_revenue": 35500000.0,
        "industries": [
          "information technology & services",
          "internet",
          "computer & network security"
        ],
        "secondary_industries": [
          "internet",
          "computer & network security"
        ],
        "snippets_loaded": true,
        "industry_tag_id": "5567cd4773696439b10b0000",
        "industry_tag_hash": {
          "information technology & services": "5567cd4773696439b10b0000",
          "internet": "5567cd4d736964397e020000",
          "computer & network security": "5567cd877369644cf94b0000"
        },
        "retail_location_count": 0,
        "raw_address": "2 Pierce Place, Suite 900, Itasca, IL 60143, US",
        "street_address": "2 Pierce Place",
        "city": "Itasca",
        "state": "Illinois",
        "postal_code": "60143",
        "country": "United States",
        "organization_headcount_six_month_growth": null,
        "organization_headcount_twelve_month_growth": null,
        "organization_headcount_twenty_four_month_growth": null
      },
      "departments": [],
      "subdepartments": [],
      "seniority": "manager",
      "functions": [],
      "intent_strength": null,
      "show_intent": false,
      "email_domain_catchall": false,
      "revealed_for_current_team": true
    },
    {
      "id": "60f6832d49964500015ddeb4",
      "first_name": "Erin",
      "last_name": "Taylor",
      "name": "Erin Taylor",
      "linkedin_url": "http://www.linkedin.com/in/erin-taylor-610a486",
      "title": "Senior Client Success Manager",
      "email_status": "verified",
      "photo_url": "https://static.licdn.com/aero-v1/sc/h/9c8pery4andzj6ohjkjp54ma2",
      "twitter_url": null,
      "github_url": null,
      "facebook_url": null,
      "extrapolated_email_confidence": null,
      "headline": "Senior Client Success Manager @ Accertify, Inc. | Customer Success",
      "email": "email_not_unlocked@domain.com",
      "organization_id": "54a126b069702d8cfc105f00",
      "street_address": "",
      "city": "Boise",
      "state": "Idaho",
      "country": "United States",
      "postal_code": null,
      "formatted_address": "Boise, ID, USA",
      "time_zone": "America/Denver",
      "organization": {
        "id": "54a126b069702d8cfc105f00",
        "name": "Accertify, Inc.",
        "website_url": "http://www.accertify.com",
        "blog_url": null,
        "angellist_url": "http://angel.co/accertify",
        "linkedin_url": "http://www.linkedin.com/company/accertify-inc-",
        "twitter_url": "https://twitter.com/accertifyinc",
        "facebook_url": "https://facebook.com/accertifysolutions/",
        "primary_phone": {
          "number": "+1 630-735-4400",
          "source": "Owler",
          "sanitized_number": "+16307354400"
        },
        "languages": [
          "English",
          "German",
          "French"
        ],
        "alexa_ranking": 589488,
        "phone": "+1 630-735-4400",
        "linkedin_uid": "339806",
        "founded_year": 2007,
        "publicly_traded_symbol": null,
        "publicly_traded_exchange": null,
        "logo_url": "https://zenprospect-production.s3.amazonaws.com/uploads/pictures/692d17db676b9b00015b75c8/picture",
        "crunchbase_url": null,
        "primary_domain": "accertify.com",
        "sic_codes": [
          "7375"
        ],
        "naics_codes": [
          "54151"
        ],
        "sanitized_phone": "+16307354400",
        "industry": "information technology & services",
        "estimated_num_employees": 820,
        "keywords": [
          "fraud management",
          "chargeback management",
          "payment gateway",
          "managed services",
          "professional services",
          "support services",
          "decision sciences",
          "machine learning",
          "behavioral analytics",
          "digital identity",
          "account takeover",
          "security",
          "credit cards",
          "fraud detection",
          "internet",
          "information technology",
          "software development",
          "transaction risk scoring",
          "user behavior analytics",
          "fraud detection for high-volume transactions",
          "risk management platform",
          "transaction monitoring",
          "tokenization",
          "e-commerce",
          "real-time decisioning",
          "innovation",
          "ai and machine learning",
          "risk signals monitoring",
          "e-commerce security",
          "community data signals",
          "customer journey security",
          "predictive fraud analytics",
          "community insights data",
          "operational efficiency",
          "deep expertise in fraud",
          "chargeback reduction",
          "gaming and betting fraud",
          "risk signal aggregation",
          "financial technology",
          "risk management",
          "online transaction security",
          "dynamic risk vectors",
          "risk management for airlines",
          "real-time fraud alerts",
          "b2b",
          "fraud pattern detection",
          "cybersecurity",
          "computer systems design and related services",
          "regulatory compliance",
          "financial services",
          "risk assessment",
          "multi-channel fraud detection",
          "retail",
          "adaptive risk models",
          "community insights",
          "community-driven fraud detection",
          "d2c",
          "customer authentication",
          "risk mitigation",
          "retail fraud prevention",
          "online fraud prevention",
          "digital risk solutions",
          "machine learning models",
          "multi-layered fraud strategy",
          "flexible risk controls",
          "dispute resolution",
          "identity verification",
          "fraud analytics",
          "security protocols",
          "customer experience",
          "digital identity verification",
          "account takeover protection",
          "ai model explainability",
          "artificial intelligence",
          "services",
          "sca compliance",
          "real-time analytics",
          "multi-industry risk solutions",
          "multi-layered security architecture",
          "fraud prevention",
          "ai-powered fraud detection",
          "travel",
          "adaptive fraud controls",
          "fraud scoring",
          "payment fraud",
          "payment security",
          "information technology and services",
          "risk signals",
          "b2c",
          "fraud prevention platform",
          "customer experience optimization",
          "api integration",
          "account protection",
          "payment optimization",
          "abuse protection",
          "multi-accounting fraud",
          "account takeover fraud",
          "fraudulent transactions",
          "ecommerce security",
          "data breaches",
          "policy automation",
          "reporting tools",
          "sca optimization",
          "compliance management",
          "dispute management",
          "self-managed solutions",
          "fully managed services",
          "return abuse prevention",
          "real-time risk decisioning",
          "customer identity verification",
          "seamless payment experience",
          "fraud risk strategy",
          "global payment solutions",
          "advisory services",
          "client success",
          "deep expertise",
          "predictive analytics",
          "risk management solutions",
          "fraud prevention technology",
          "flexible controls",
          "customer insights",
          "data-driven decisions",
          "financial transactions security",
          "consumer protection",
          "dynamic risk management",
          "chargeback process automation",
          "integration solutions",
          "scalable technology",
          "cross-border transactions",
          "transaction authorization",
          "finance",
          "consumer products & retail",
          "transportation & logistics",
          "professional training & coaching",
          "information technology & services",
          "computer & network security",
          "consumer internet",
          "consumers",
          "finance technology",
          "conflict resolution",
          "analytics",
          "enterprise software",
          "enterprises",
          "computer software"
        ],
        "organization_revenue_printed": "35.5M",
        "organization_revenue": 35500000.0,
        "industries": [
          "information technology & services",
          "internet",
          "computer & network security"
        ],
        "secondary_industries": [
          "internet",
          "computer & network security"
        ],
        "snippets_loaded": true,
        "industry_tag_id": "5567cd4773696439b10b0000",
        "industry_tag_hash": {
          "information technology & services": "5567cd4773696439b10b0000",
          "internet": "5567cd4d736964397e020000",
          "computer & network security": "5567cd877369644cf94b0000"
        },
        "retail_location_count": 0,
        "raw_address": "2 Pierce Place, Suite 900, Itasca, IL 60143, US",
        "street_address": "2 Pierce Place",
        "city": "Itasca",
        "state": "Illinois",
        "postal_code": "60143",
        "country": "United States",
        "organization_headcount_six_month_growth": null,
        "organization_headcount_twelve_month_growth": null,
        "organization_headcount_twenty_four_month_growth": null
      },
      "departments": [],
      "subdepartments": [],
      "seniority": "manager",
      "functions": [],
      "intent_strength": null,
      "show_intent": false,
      "email_domain_catchall": false,
      "revealed_for_current_team": true
    },
    {
      "id": "5e8a6a9b874fbb0001e023fd",
      "first_name": "Lea",
      "last_name": "Nelson",
      "name": "Lea Nelson",
      "linkedin_url": "http://www.linkedin.com/in/lea-n-204a4a111",
      "title": "Global Talent Acquisition Leader & US HR Manager",
      "email_status": "verified",
      "photo_url": "https://static.licdn.com/aero-v1/sc/h/9c8pery4andzj6ohjkjp54ma2",
      "twitter_url": null,
      "github_url": null,
      "facebook_url": null,
      "extrapolated_email_confidence": null,
      "headline": "Global Talent Acquisition Leader & US HR Manager @ Accertify, Inc. | Talent Management, Recruitment Marketing",
      "email": "email_not_unlocked@domain.com",
      "organization_id": "54a126b069702d8cfc105f00",
      "street_address": "",
      "city": null,
      "state": null,
      "country": "United States",
      "postal_code": null,
      "formatted_address": "United States",
      "time_zone": null,
      "organization": {
        "id": "54a126b069702d8cfc105f00",
        "name": "Accertify, Inc.",
        "website_url": "http://www.accertify.com",
        "blog_url": null,
        "angellist_url": "http://angel.co/accertify",
        "linkedin_url": "http://www.linkedin.com/company/accertify-inc-",
        "twitter_url": "https://twitter.com/accertifyinc",
        "facebook_url": "https://facebook.com/accertifysolutions/",
        "primary_phone": {
          "number": "+1 630-735-4400",
          "source": "Owler",
          "sanitized_number": "+16307354400"
        },
        "languages": [
          "English",
          "German",
          "French"
        ],
        "alexa_ranking": 589488,
        "phone": "+1 630-735-4400",
        "linkedin_uid": "339806",
        "founded_year": 2007,
        "publicly_traded_symbol": null,
        "publicly_traded_exchange": null,
        "logo_url": "https://zenprospect-production.s3.amazonaws.com/uploads/pictures/692d17db676b9b00015b75c8/picture",
        "crunchbase_url": null,
        "primary_domain": "accertify.com",
        "sic_codes": [
          "7375"
        ],
        "naics_codes": [
          "54151"
        ],
        "sanitized_phone": "+16307354400",
        "industry": "information technology & services",
        "estimated_num_employees": 820,
        "keywords": [
          "fraud management",
          "chargeback management",
          "payment gateway",
          "managed services",
          "professional services",
          "support services",
          "decision sciences",
          "machine learning",
          "behavioral analytics",
          "digital identity",
          "account takeover",
          "security",
          "credit cards",
          "fraud detection",
          "internet",
          "information technology",
          "software development",
          "transaction risk scoring",
          "user behavior analytics",
          "fraud detection for high-volume transactions",
          "risk management platform",
          "transaction monitoring",
          "tokenization",
          "e-commerce",
          "real-time decisioning",
          "innovation",
          "ai and machine learning",
          "risk signals monitoring",
          "e-commerce security",
          "community data signals",
          "customer journey security",
          "predictive fraud analytics",
          "community insights data",
          "operational efficiency",
          "deep expertise in fraud",
          "chargeback reduction",
          "gaming and betting fraud",
          "risk signal aggregation",
          "financial technology",
          "risk management",
          "online transaction security",
          "dynamic risk vectors",
          "risk management for airlines",
          "real-time fraud alerts",
          "b2b",
          "fraud pattern detection",
          "cybersecurity",
          "computer systems design and related services",
          "regulatory compliance",
          "financial services",
          "risk assessment",
          "multi-channel fraud detection",
          "retail",
          "adaptive risk models",
          "community insights",
          "community-driven fraud detection",
          "d2c",
          "customer authentication",
          "risk mitigation",
          "retail fraud prevention",
          "online fraud prevention",
          "digital risk solutions",
          "machine learning models",
          "multi-layered fraud strategy",
          "flexible risk controls",
          "dispute resolution",
          "identity verification",
          "fraud analytics",
          "security protocols",
          "customer experience",
          "digital identity verification",
          "account takeover protection",
          "ai model explainability",
          "artificial intelligence",
          "services",
          "sca compliance",
          "real-time analytics",
          "multi-industry risk solutions",
          "multi-layered security architecture",
          "fraud prevention",
          "ai-powered fraud detection",
          "travel",
          "adaptive fraud controls",
          "fraud scoring",
          "payment fraud",
          "payment security",
          "information technology and services",
          "risk signals",
          "b2c",
          "fraud prevention platform",
          "customer experience optimization",
          "api integration",
          "account protection",
          "payment optimization",
          "abuse protection",
          "multi-accounting fraud",
          "account takeover fraud",
          "fraudulent transactions",
          "ecommerce security",
          "data breaches",
          "policy automation",
          "reporting tools",
          "sca optimization",
          "compliance management",
          "dispute management",
          "self-managed solutions",
          "fully managed services",
          "return abuse prevention",
          "real-time risk decisioning",
          "customer identity verification",
          "seamless payment experience",
          "fraud risk strategy",
          "global payment solutions",
          "advisory services",
          "client success",
          "deep expertise",
          "predictive analytics",
          "risk management solutions",
          "fraud prevention technology",
          "flexible controls",
          "customer insights",
          "data-driven decisions",
          "financial transactions security",
          "consumer protection",
          "dynamic risk management",
          "chargeback process automation",
          "integration solutions",
          "scalable technology",
          "cross-border transactions",
          "transaction authorization",
          "finance",
          "consumer products & retail",
          "transportation & logistics",
          "professional training & coaching",
          "information technology & services",
          "computer & network security",
          "consumer internet",
          "consumers",
          "finance technology",
          "conflict resolution",
          "analytics",
          "enterprise software",
          "enterprises",
          "computer software"
        ],
        "organization_revenue_printed": "35.5M",
        "organization_revenue": 35500000.0,
        "industries": [
          "information technology & services",
          "internet",
          "computer & network security"
        ],
        "secondary_industries": [
          "internet",
          "computer & network security"
        ],
        "snippets_loaded": true,
        "industry_tag_id": "5567cd4773696439b10b0000",
        "industry_tag_hash": {
          "information technology & services": "5567cd4773696439b10b0000",
          "internet": "5567cd4d736964397e020000",
          "computer & network security": "5567cd877369644cf94b0000"
        },
        "retail_location_count": 0,
        "raw_address": "2 Pierce Place, Suite 900, Itasca, IL 60143, US",
        "street_address": "2 Pierce Place",
        "city": "Itasca",
        "state": "Illinois",
        "postal_code": "60143",
        "country": "United States",
        "organization_headcount_six_month_growth": null,
        "organization_headcount_twelve_month_growth": null,
        "organization_headcount_twenty_four_month_growth": null
      },
      "departments": [
        "master_human_resources"
      ],
      "subdepartments": [
        "human_resources",
        "recruiting_talent_acquisition",
        "talent_management"
      ],
      "seniority": "manager",
      "functions": [
        "human_resources"
      ],
      "intent_strength": null,
      "show_intent": false,
      "email_domain_catchall": false,
      "revealed_for_current_team": true
    },
    {
      "id": "6890bb143d32ed0001768add",
      "first_name": "Alecia",
      "last_name": "Giuffre",
      "name": "Alecia Giuffre",
      "linkedin_url": "http://www.linkedin.com/in/alecia-giuffre",
      "title": "Strategic Risk Manager",
      "email_status": "verified",
      "photo_url": null,
      "twitter_url": null,
      "github_url": null,
      "facebook_url": null,
      "extrapolated_email_confidence": null,
      "headline": "Strategic Risk Manager, Strategic Risk Services at Accertify, Inc.",
      "email": "email_not_unlocked@domain.com",
      "organization_id": "54a126b069702d8cfc105f00",
      "organization": {
        "id": "54a126b069702d8cfc105f00",
        "name": "Accertify, Inc.",
        "website_url": "http://www.accertify.com",
        "blog_url": null,
        "angellist_url": "http://angel.co/accertify",
        "linkedin_url": "http://www.linkedin.com/company/accertify-inc-",
        "twitter_url": "https://twitter.com/accertifyinc",
        "facebook_url": "https://facebook.com/accertifysolutions/",
        "primary_phone": {
          "number": "+1 630-735-4400",
          "source": "Owler",
          "sanitized_number": "+16307354400"
        },
        "languages": [
          "English",
          "German",
          "French"
        ],
        "alexa_ranking": 589488,
        "phone": "+1 630-735-4400",
        "linkedin_uid": "339806",
        "founded_year": 2007,
        "publicly_traded_symbol": null,
        "publicly_traded_exchange": null,
        "logo_url": "https://zenprospect-production.s3.amazonaws.com/uploads/pictures/692d17db676b9b00015b75c8/picture",
        "crunchbase_url": null,
        "primary_domain": "accertify.com",
        "sic_codes": [
          "7375"
        ],
        "naics_codes": [
          "54151"
        ],
        "sanitized_phone": "+16307354400",
        "industry": "information technology & services",
        "estimated_num_employees": 820,
        "keywords": [
          "fraud management",
          "chargeback management",
          "payment gateway",
          "managed services",
          "professional services",
          "support services",
          "decision sciences",
          "machine learning",
          "behavioral analytics",
          "digital identity",
          "account takeover",
          "security",
          "credit cards",
          "fraud detection",
          "internet",
          "information technology",
          "software development",
          "transaction risk scoring",
          "user behavior analytics",
          "fraud detection for high-volume transactions",
          "risk management platform",
          "transaction monitoring",
          "tokenization",
          "e-commerce",
          "real-time decisioning",
          "innovation",
          "ai and machine learning",
          "risk signals monitoring",
          "e-commerce security",
          "community data signals",
          "customer journey security",
          "predictive fraud analytics",
          "community insights data",
          "operational efficiency",
          "deep expertise in fraud",
          "chargeback reduction",
          "gaming and betting fraud",
          "risk signal aggregation",
          "financial technology",
          "risk management",
          "online transaction security",
          "dynamic risk vectors",
          "risk management for airlines",
          "real-time fraud alerts",
          "b2b",
          "fraud pattern detection",
          "cybersecurity",
          "computer systems design and related services",
          "regulatory compliance",
          "financial services",
          "risk assessment",
          "multi-channel fraud detection",
          "retail",
          "adaptive risk models",
          "community insights",
          "community-driven fraud detection",
          "d2c",
          "customer authentication",
          "risk mitigation",
          "retail fraud prevention",
          "online fraud prevention",
          "digital risk solutions",
          "machine learning models",
          "multi-layered fraud strategy",
          "flexible risk controls",
          "dispute resolution",
          "identity verification",
          "fraud analytics",
          "security protocols",
          "customer experience",
          "digital identity verification",
          "account takeover protection",
          "ai model explainability",
          "artificial intelligence",
          "services",
          "sca compliance",
          "real-time analytics",
          "multi-industry risk solutions",
          "multi-layered security architecture",
          "fraud prevention",
          "ai-powered fraud detection",
          "travel",
          "adaptive fraud controls",
          "fraud scoring",
          "payment fraud",
          "payment security",
          "information technology and services",
          "risk signals",
          "b2c",
          "fraud prevention platform",
          "customer experience optimization",
          "api integration",
          "account protection",
          "payment optimization",
          "abuse protection",
          "multi-accounting fraud",
          "account takeover fraud",
          "fraudulent transactions",
          "ecommerce security",
          "data breaches",
          "policy automation",
          "reporting tools",
          "sca optimization",
          "compliance management",
          "dispute management",
          "self-managed solutions",
          "fully managed services",
          "return abuse prevention",
          "real-time risk decisioning",
          "customer identity verification",
          "seamless payment experience",
          "fraud risk strategy",
          "global payment solutions",
          "advisory services",
          "client success",
          "deep expertise",
          "predictive analytics",
          "risk management solutions",
          "fraud prevention technology",
          "flexible controls",
          "customer insights",
          "data-driven decisions",
          "financial transactions security",
          "consumer protection",
          "dynamic risk management",
          "chargeback process automation",
          "integration solutions",
          "scalable technology",
          "cross-border transactions",
          "transaction authorization",
          "finance",
          "consumer products & retail",
          "transportation & logistics",
          "professional training & coaching",
          "information technology & services",
          "computer & network security",
          "consumer internet",
          "consumers",
          "finance technology",
          "conflict resolution",
          "analytics",
          "enterprise software",
          "enterprises",
          "computer software"
        ],
        "organization_revenue_printed": "35.5M",
        "organization_revenue": 35500000.0,
        "industries": [
          "information technology & services",
          "internet",
          "computer & network security"
        ],
        "secondary_industries": [
          "internet",
          "computer & network security"
        ],
        "snippets_loaded": true,
        "industry_tag_id": "5567cd4773696439b10b0000",
        "industry_tag_hash": {
          "information technology & services": "5567cd4773696439b10b0000",
          "internet": "5567cd4d736964397e020000",
          "computer & network security": "5567cd877369644cf94b0000"
        },
        "retail_location_count": 0,
        "raw_address": "2 Pierce Place, Suite 900, Itasca, IL 60143, US",
        "street_address": "2 Pierce Place",
        "city": "Itasca",
        "state": "Illinois",
        "postal_code": "60143",
        "country": "United States",
        "organization_headcount_six_month_growth": null,
        "organization_headcount_twelve_month_growth": null,
        "organization_headcount_twenty_four_month_growth": null
      },
      "departments": [],
      "subdepartments": [],
      "seniority": "manager",
      "functions": [],
      "intent_strength": null,
      "show_intent": false,
      "email_domain_catchall": false,
      "revealed_for_current_team": true
    },
    {
      "id": "64ec85ff90d38c0001e179c1",
      "first_name": "Kirti",
      "last_name": "Sharma",
      "name": "Kirti Sharma",
      "linkedin_url": "http://www.linkedin.com/in/kirti-sharma-93029226b",
      "title": "Fraud Analyst",
      "email_status": "verified",
      "photo_url": "https://media.licdn.com/dms/image/v2/D5603AQHLgkVZsSKF8w/profile-displayphoto-shrink_200_200/B56ZRxr1_0H0AY-/0/1737074108225?e=2147483647&v=beta&t=syCXNBNdkuWqRxMxUkP17U6KM2tdD9gI7gjAWXAMeAk",
      "twitter_url": null,
      "github_url": null,
      "facebook_url": null,
      "extrapolated_email_confidence": null,
      "headline": "Fraud Analyst at Accertify/ Ex- Revolut/ Ex- TTEC",
      "email": "email_not_unlocked@domain.com",
      "organization_id": "54a126b069702d8cfc105f00",
      "street_address": "",
      "city": "Jamshedpur",
      "state": "Jharkhand",
      "country": "India",
      "postal_code": null,
      "formatted_address": "Jamshedpur, Jharkhand, India",
      "time_zone": "Asia/Kolkata",
      "organization": {
        "id": "54a126b069702d8cfc105f00",
        "name": "Accertify, Inc.",
        "website_url": "http://www.accertify.com",
        "blog_url": null,
        "angellist_url": "http://angel.co/accertify",
        "linkedin_url": "http://www.linkedin.com/company/accertify-inc-",
        "twitter_url": "https://twitter.com/accertifyinc",
        "facebook_url": "https://facebook.com/accertifysolutions/",
        "primary_phone": {
          "number": "+1 630-735-4400",
          "source": "Owler",
          "sanitized_number": "+16307354400"
        },
        "languages": [
          "English",
          "German",
          "French"
        ],
        "alexa_ranking": 589488,
        "phone": "+1 630-735-4400",
        "linkedin_uid": "339806",
        "founded_year": 2007,
        "publicly_traded_symbol": null,
        "publicly_traded_exchange": null,
        "logo_url": "https://zenprospect-production.s3.amazonaws.com/uploads/pictures/692d17db676b9b00015b75c8/picture",
        "crunchbase_url": null,
        "primary_domain": "accertify.com",
        "sic_codes": [
          "7375"
        ],
        "naics_codes": [
          "54151"
        ],
        "sanitized_phone": "+16307354400",
        "industry": "information technology & services",
        "estimated_num_employees": 820,
        "keywords": [
          "fraud management",
          "chargeback management",
          "payment gateway",
          "managed services",
          "professional services",
          "support services",
          "decision sciences",
          "machine learning",
          "behavioral analytics",
          "digital identity",
          "account takeover",
          "security",
          "credit cards",
          "fraud detection",
          "internet",
          "information technology",
          "software development",
          "transaction risk scoring",
          "user behavior analytics",
          "fraud detection for high-volume transactions",
          "risk management platform",
          "transaction monitoring",
          "tokenization",
          "e-commerce",
          "real-time decisioning",
          "innovation",
          "ai and machine learning",
          "risk signals monitoring",
          "e-commerce security",
          "community data signals",
          "customer journey security",
          "predictive fraud analytics",
          "community insights data",
          "operational efficiency",
          "deep expertise in fraud",
          "chargeback reduction",
          "gaming and betting fraud",
          "risk signal aggregation",
          "financial technology",
          "risk management",
          "online transaction security",
          "dynamic risk vectors",
          "risk management for airlines",
          "real-time fraud alerts",
          "b2b",
          "fraud pattern detection",
          "cybersecurity",
          "computer systems design and related services",
          "regulatory compliance",
          "financial services",
          "risk assessment",
          "multi-channel fraud detection",
          "retail",
          "adaptive risk models",
          "community insights",
          "community-driven fraud detection",
          "d2c",
          "customer authentication",
          "risk mitigation",
          "retail fraud prevention",
          "online fraud prevention",
          "digital risk solutions",
          "machine learning models",
          "multi-layered fraud strategy",
          "flexible risk controls",
          "dispute resolution",
          "identity verification",
          "fraud analytics",
          "security protocols",
          "customer experience",
          "digital identity verification",
          "account takeover protection",
          "ai model explainability",
          "artificial intelligence",
          "services",
          "sca compliance",
          "real-time analytics",
          "multi-industry risk solutions",
          "multi-layered security architecture",
          "fraud prevention",
          "ai-powered fraud detection",
          "travel",
          "adaptive fraud controls",
          "fraud scoring",
          "payment fraud",
          "payment security",
          "information technology and services",
          "risk signals",
          "b2c",
          "fraud prevention platform",
          "customer experience optimization",
          "api integration",
          "account protection",
          "payment optimization",
          "abuse protection",
          "multi-accounting fraud",
          "account takeover fraud",
          "fraudulent transactions",
          "ecommerce security",
          "data breaches",
          "policy automation",
          "reporting tools",
          "sca optimization",
          "compliance management",
          "dispute management",
          "self-managed solutions",
          "fully managed services",
          "return abuse prevention",
          "real-time risk decisioning",
          "customer identity verification",
          "seamless payment experience",
          "fraud risk strategy",
          "global payment solutions",
          "advisory services",
          "client success",
          "deep expertise",
          "predictive analytics",
          "risk management solutions",
          "fraud prevention technology",
          "flexible controls",
          "customer insights",
          "data-driven decisions",
          "financial transactions security",
          "consumer protection",
          "dynamic risk management",
          "chargeback process automation",
          "integration solutions",
          "scalable technology",
          "cross-border transactions",
          "transaction authorization",
          "finance",
          "consumer products & retail",
          "transportation & logistics",
          "professional training & coaching",
          "information technology & services",
          "computer & network security",
          "consumer internet",
          "consumers",
          "finance technology",
          "conflict resolution",
          "analytics",
          "enterprise software",
          "enterprises",
          "computer software"
        ],
        "organization_revenue_printed": "35.5M",
        "organization_revenue": 35500000.0,
        "industries": [
          "information technology & services",
          "internet",
          "computer & network security"
        ],
        "secondary_industries": [
          "internet",
          "computer & network security"
        ],
        "snippets_loaded": true,
        "industry_tag_id": "5567cd4773696439b10b0000",
        "industry_tag_hash": {
          "information technology & services": "5567cd4773696439b10b0000",
          "internet": "5567cd4d736964397e020000",
          "computer & network security": "5567cd877369644cf94b0000"
        },
        "retail_location_count": 0,
        "raw_address": "2 Pierce Place, Suite 900, Itasca, IL 60143, US",
        "street_address": "2 Pierce Place",
        "city": "Itasca",
        "state": "Illinois",
        "postal_code": "60143",
        "country": "United States",
        "organization_headcount_six_month_growth": null,
        "organization_headcount_twelve_month_growth": null,
        "organization_headcount_twenty_four_month_growth": null
      },
      "departments": [],
      "subdepartments": [],
      "seniority": "entry",
      "functions": [],
      "intent_strength": null,
      "show_intent": false,
      "email_domain_catchall": false,
      "revealed_for_current_team": true
    }
  ],
  "num_fetch_result": null
}